Industry,Material_Name,Material_Type,Product,Weight_or_Capacity,Biodegradability_Score,CO2_Emission_Score,Recyclability_Percentage,Data_Source,Weight_kg,CO2_Impact_Index,Cost_Efficiency_Index,Material_Suitability_Score,Industry_encoded,Material_Type_encoded,Product_encoded,Data_Source_encoded,Weight_Normalized,Eco_Score,Circular_Economy_Score
Construction,PLA Bioplastic,Bioplastic,Furniture panel,9.29 kg,0.6400000000000001,0.0,0.896551724137931,Carbon Catalogue,0.1825667804780076,0.8455172413793104,0.8174332195219924,0.775436862408322,1,0,3,0,0.18256678047800762,0.8146206896551724,0.7939310344827586
Electronics,Molded Pulp,Paper,Toy casing,23.48 kg,0.7600000000000002,0.7428571428571429,0.1379310344827586,OpenLCA Sample,0.4675637678248644,0.3850246305418719,0.5324362321751356,0.5417407218692896,3,5,8,2,0.46756376782486453,0.410600985221675,0.3867586206896553
Home Appliances,Cotton Fiber,Natural Material,Toy casing,8.45 kg,0.1466666666666667,0.8428571428571427,0.2413793103448275,Sustainability Dataset,0.1656959228760795,0.1817296113847838,0.8343040771239205,0.3669830676910897,6,4,8,3,0.16569592287607954,0.18664696223316912,0.20349425287356318
Healthcare,Molded Pulp,Paper,Electronic enclosure,6.33 kg,0.8,0.5857142857142856,0.2241379310344827,Sustainability Dataset,0.1231170917854991,0.4794745484400657,0.8768829082145009,0.6948546918403765,5,5,1,3,0.12311709178549912,0.492512315270936,0.45448275862068965
Furniture,Kraft Paper,Paper,Cosmetic wrap,20.71 kg,0.8133333333333335,0.8428571428571427,0.2758620689655171,Carbon Catalogue,0.4119301064470777,0.4154460864805693,0.5880698935529223,0.5865994026581044,4,5,0,0,0.41193010644707784,0.46710673234811173,0.4908505747126437
Electronics,Kraft Paper,Paper,Shipping carton,38.55 kg,0.9066666666666667,0.5857142857142856,0.293103448275862,FootprintData,0.7702349869451696,0.5380186097427476,0.2297650130548304,0.5561369478135483,3,5,6,1,0.7702349869451698,0.5627651888341544,0.5385287356321838
Automotive,Kraft Paper,Paper,Packaging box,15.05 kg,0.1466666666666667,0.5142857142857142,0.6551724137931034,Carbon Catalogue,0.2982526611769432,0.429184455391352,0.7017473388230568,0.4261979838034579,0,5,5,0,0.29825266117694327,0.41787848932676525,0.4517701149425287
Furniture,Cotton Fiber,Natural Material,Toy casing,9.84 kg,0.8266666666666669,0.7285714285714286,0.2586206896551724,Sustainability Dataset,0.1936131753364129,0.4522386425834702,0.8063868246635871,0.6708115044324643,4,4,8,3,0.19361317533641295,0.48840065681445,0.4858390804597702
Automotive,PLA Bioplastic,Bioplastic,Medical packaging,4.48 kg,0.52,0.1,0.2586206896551724,Sustainability Dataset,0.08596103635268126,0.5595402298850575,0.9140389636473187,0.6540277810482187,0,0,4,3,0.08596103635268128,0.49144827586206896,0.36317241379310344
Cosmetics,Cotton Fiber,Natural Material,Electronic enclosure,16.07 kg,0.2933333333333334,0.9714285714285715,0.8793103448275861,OpenLCA Sample,0.318738702550713,0.4004050355774493,0.6812612974492871,0.4525404034657659,2,4,1,2,0.31873870255071307,0.4747717569786535,0.6449195402298851
Toys,Aluminum Foil,Metal,Furniture panel,8.23 kg,0.6800000000000002,0.3285714285714286,0.1724137931034482,Carbon Catalogue,0.1612773649327174,0.5079474548440066,0.8387226350672826,0.6587957724577874,8,2,3,0,0.16127736493271744,0.47525123152709364,0.37544827586206897
Construction,Recycled Cardboard,Cardboard,Food container,28.92 kg,0.8800000000000001,0.5285714285714285,0.6896551724137931,FootprintData,0.5768226551516369,0.680361247947455,0.4231773448483631,0.663097702633491,1,1,2,1,0.576822655151637,0.7221477832512317,0.7657931034482759
Cosmetics,Aluminum Foil,Metal,Shipping carton,44.76 kg,0.1200000000000001,0.657142857142857,0.3275862068965516,OpenLCA Sample,0.8949588270737094,0.2634811165845649,0.1050411729262906,0.1729047985117131,2,2,6,2,0.8949588270737097,0.24760591133004928,0.244551724137931
Cosmetics,Recycled Paper,Paper,Cosmetic wrap,3.37 kg,0.9333333333333336,0.4142857142857143,0.3103448275862069,Carbon Catalogue,0.06366740309299056,0.6097974822112754,0.9363325969070094,0.8048187719566131,2,5,0,0,0.06366740309299057,0.6146141215106734,0.5595402298850576
Home Appliances,Recycled Cardboard,Cardboard,Toy casing,25.19 kg,0.8800000000000001,0.4999999999999999,0.603448275862069,FootprintData,0.5019080136573609,0.6611494252873563,0.4980919863426391,0.6778873660177342,6,1,8,1,0.501908013657361,0.6933793103448278,0.7140689655172414
Construction,Cornstarch Plastic,Bioplastic,Food container,3.3 kg,0.9733333333333334,0.7571428571428571,0.1724137931034482,OpenLCA Sample,0.06226149829282988,0.4628680897646415,0.9377385017071701,0.7584687864180075,1,0,2,2,0.06226149829282989,0.5068702791461412,0.49278160919540226
Cosmetics,Aluminum Foil,Metal,Toy casing,42.33 kg,0.05333333333333334,0.657142857142857,0.396551724137931,FootprintData,0.846153846153846,0.2642474001094691,0.153846153846154,0.1678528061976338,2,2,8,1,0.8461538461538463,0.24852545155993433,0.2592643678160919
Automotive,Kraft Paper,Paper,Food container,2.37 kg,0.1200000000000001,0.1285714285714286,0.8448275862068966,Sustainability Dataset,0.04358304880498092,0.6120853858784894,0.9564169511950191,0.5677592397099016,0,5,2,3,0.04358304880498093,0.5602167487684729,0.554896551724138
Furniture,Recycled Cardboard,Cardboard,Toy casing,31.22 kg,0.1466666666666667,0.6142857142857143,0.8275862068965516,Sustainability Dataset,0.623016670014059,0.4533223864258347,0.376983329985941,0.3384239535661162,4,1,8,3,0.6230166700140591,0.4668440065681445,0.5552183908045976
Furniture,Molded Pulp,Paper,Toy casing,6.76 kg,0.7466666666666668,0.2142857142857143,0.6896551724137931,Carbon Catalogue,0.1317533641293432,0.7406787082649152,0.8682466358706568,0.7807454740671631,4,5,8,0,0.13175336412934321,0.7316715927750411,0.7124597701149427
Healthcare,Kraft Paper,Paper,Packaging box,18.68 kg,0.5066666666666668,0.7857142857142856,0.2758620689655171,Carbon Catalogue,0.3711588672424181,0.3322714833059661,0.6288411327575819,0.4735609331496611,5,5,5,0,0.37115886724241814,0.3558686371100165,0.368183908045977
Home Appliances,Aluminum Foil,Metal,Electronic enclosure,49.48 kg,0.1066666666666667,0.7,0.03448275862068961,Sustainability Dataset,0.9897569793131149,0.1470498084291188,0.0102430206868851,0.09389282957771306,6,2,1,3,0.9897569793131151,0.11645977011494255,0.06335632183908045
Automotive,Cotton Fiber,Natural Material,Packaging box,38.66 kg,0.9733333333333334,0.3571428571428572,0.8103448275862069,FootprintData,0.7724442659168507,0.8088451012588944,0.2275557340831493,0.6838047607285025,0,4,5,1,0.7724442659168509,0.8420426929392446,0.8755402298850574
Healthcare,Tin Container,Metal,Shipping carton,7.48 kg,0.5733333333333335,0.7714285714285714,0.5,Carbon Catalogue,0.1462140992167102,0.4339682539682541,0.8537859007832899,0.6017230718222886,5,2,6,0,0.14621409921671022,0.47504761904761916,0.5293333333333334
Automotive,Cornstarch Plastic,Bioplastic,Food container,2.08 kg,0.44,0.5285714285714285,0.1379310344827586,FootprintData,0.03775858606145813,0.3497865353037766,0.9622414139385419,0.5605870383030732,0,0,2,1,0.037758586061458134,0.3254581280788178,0.25875862068965516
Construction,Kraft Paper,Paper,Medical packaging,49.72 kg,0.9600000000000002,0.9142857142857144,0.0,FootprintData,0.9945772243422373,0.3485714285714286,0.005422775657762724,0.4290554041259003,1,5,4,1,0.9945772243422375,0.40114285714285725,0.3840000000000001
Packaging,PLA Bioplastic,Bioplastic,Electronic enclosure,32.41 kg,0.1333333333333334,0.0,0.7586206896551724,OpenLCA Sample,0.6469170516167904,0.6306513409961686,0.3530829483832096,0.3981854209134303,7,0,1,2,0.6469170516167905,0.5567816091954023,0.5085057471264368
Packaging,Cotton Fiber,Natural Material,Shipping carton,32.09 kg,0.48,0.5285714285714285,0.189655172413793,Carbon Catalogue,0.6404900582446275,0.3803612479474549,0.3595099417553725,0.4039974817055937,7,4,6,0,0.6404900582446276,0.36214778325123154,0.3057931034482758
Furniture,Recycled Paper,Paper,Food container,34.9 kg,0.9866666666666668,0.3142857142857143,0.9310344827586206,OpenLCA Sample,0.6969270937939345,0.8678051450465244,0.3030729062060655,0.7340439298804295,4,5,2,2,0.6969270937939346,0.9042233169129721,0.953287356321839
Electronics,Kraft Paper,Paper,Storage container,29.71 kg,0.24,0.4428571428571429,0.5517241379310345,FootprintData,0.5926892950391645,0.4496223316912972,0.4073107049608355,0.3740421441647696,3,5,7,1,0.5926892950391646,0.4281182266009852,0.42703448275862066
Furniture,Tin Container,Metal,Furniture panel,9.98 kg,0.7333333333333334,0.9142857142857144,0.5689655172413792,FootprintData,0.1964249849367343,0.4626710454296661,0.8035750150632657,0.6461409226908461,4,2,3,1,0.19642498493673435,0.5380623973727422,0.6347126436781609
Construction,Molded Pulp,Paper,Storage container,36.57 kg,0.3066666666666667,0.9285714285714286,0.4482758620689655,FootprintData,0.7304679654549106,0.2754570333880679,0.2695320345450894,0.283042423718754,1,5,7,1,0.7304679654549107,0.3162627257799672,0.391632183908046
Toys,PLA Bioplastic,Bioplastic,Shipping carton,29.5 kg,0.2266666666666667,0.8285714285714285,0.7758620689655171,OpenLCA Sample,0.5884715806386824,0.3913191023535851,0.4115284193613176,0.3479861667498293,8,0,6,2,0.5884715806386825,0.43529720853858783,0.556183908045977
Electronics,Recycled Cardboard,Cardboard,Cosmetic wrap,3.06 kg,0.01333333333333336,0.657142857142857,0.103448275862069,OpenLCA Sample,0.05744125326370757,0.1532129173508484,0.9425587467362925,0.3480527909612271,3,1,0,2,0.05744125326370758,0.11528407224958956,0.06740229885057475
Electronics,Tin Container,Metal,Shipping carton,33.8 kg,0.4666666666666667,0.9714285714285715,0.603448275862069,Carbon Catalogue,0.6748343040771239,0.3662287903667214,0.3251656959228761,0.3840412249235514,3,2,6,0,0.674834304077124,0.43376026272577994,0.5487356321839081
Automotive,Recycled Paper,Paper,Toy casing,3.67 kg,0.9466666666666668,0.9571428571428571,0.7413793103448276,Carbon Catalogue,0.06969270937939345,0.5769677066228791,0.9303072906206066,0.7938792698353336,0,5,8,0,0.06969270937939347,0.6837898193760263,0.8234942528735633
Electronics,Kraft Paper,Paper,Toy casing,9.38 kg,0.3466666666666667,0.8714285714285714,0.3275862068965516,OpenLCA Sample,0.1843743723639285,0.2676081007115489,0.8156256276360715,0.4557309285754411,3,5,8,2,0.18437437236392853,0.295415435139573,0.33521839080459764
Automotive,Recycled Paper,Paper,Cosmetic wrap,6.84 kg,0.32,0.5285714285714285,0.7413793103448276,FootprintData,0.133360112472384,0.5109359605911331,0.866639887527616,0.560366350494738,0,5,0,1,0.13336011247238402,0.5188374384236454,0.5728275862068966
Automotive,Aluminum Foil,Metal,Shipping carton,23.69 kg,0.8,0.8571428571428572,0.7413793103448276,FootprintData,0.4717814822253464,0.5614121510673235,0.5282185177746536,0.6230304157593254,0,2,6,1,0.4717814822253465,0.6451231527093597,0.7648275862068966
Construction,Cotton Fiber,Natural Material,Shipping carton,10.1 kg,0.4533333333333334,0.7,0.3103448275862069,FootprintData,0.1988351074512954,0.3545593869731801,0.8011648925487046,0.5181732225538834,1,4,6,1,0.19883510745129546,0.36547126436781613,0.3675402298850575
Healthcare,Cornstarch Plastic,Bioplastic,Storage container,43.32 kg,0.3466666666666667,0.6428571428571428,0.2241379310344827,Sustainability Dataset,0.8660373568989757,0.3093158182813355,0.1339626431010243,0.2679151202428415,5,0,7,3,0.8660373568989759,0.29975041050903123,0.2731494252873563
Packaging,Molded Pulp,Paper,Packaging box,27.46 kg,0.09333333333333338,0.2857142857142857,0.6379310344827585,Sustainability Dataset,0.5474994978911427,0.4818500273672687,0.4525005021088573,0.3564901615795647,7,5,5,3,0.5474994978911428,0.43536288998357964,0.4200919540229884
Cosmetics,Bamboo Fiber,Natural Fiber,Food container,15.18 kg,0.44,0.3,0.6206896551724137,FootprintData,0.3008636272343844,0.5868965517241379,0.6991363727656157,0.5764995325193398,2,3,2,1,0.3008636272343845,0.5642758620689655,0.5484137931034482
Cosmetics,Molded Pulp,Paper,Toy casing,15.07 kg,0.6133333333333333,0.2142857142857143,0.8448275862068966,Carbon Catalogue,0.2986543482627033,0.7479584017515052,0.7013456517372967,0.6935870562217911,2,5,8,0,0.2986543482627034,0.7404072249589491,0.7522298850574712
Packaging,Cotton Fiber,Natural Material,Food container,11.78 kg,0.6800000000000002,0.2285714285714286,0.982758620689655,OpenLCA Sample,0.2325768226551516,0.8113957307060756,0.7674231773448484,0.7587852454858849,7,4,2,2,0.23257682265515164,0.8193891625615763,0.8616551724137931
Home Appliances,Cornstarch Plastic,Bioplastic,Storage container,19.39 kg,0.9866666666666668,0.7,0.293103448275862,OpenLCA Sample,0.385418758786905,0.5265900383141763,0.6145812412130951,0.6910103876895991,6,0,7,2,0.3854187587869051,0.5719080459770116,0.5705287356321839
Toys,Tin Container,Metal,Shipping carton,29.44 kg,0.2,0.657142857142857,0.6206896551724137,FootprintData,0.5872665193814018,0.3878489326765189,0.4127334806185982,0.338959617256187,8,2,6,1,0.587266519381402,0.39684729064039415,0.4524137931034482
Furniture,Tin Container,Metal,Storage container,4.56 kg,0.7600000000000002,0.7857142857142856,0.8793103448275861,OpenLCA Sample,0.08756778469572202,0.6178653530377669,0.912432215304278,0.7488758058063902,4,2,7,2,0.08756778469572203,0.6985812807881775,0.8315862068965518
Toys,Kraft Paper,Paper,Food container,3.96 kg,0.8133333333333335,0.1142857142857143,0.05172413793103448,Sustainability Dataset,0.07551717212291624,0.5835905856595512,0.9244828278770838,0.7547810826269457,8,5,2,3,0.07551717212291625,0.5231658456486044,0.3563678160919541
Toys,Cornstarch Plastic,Bioplastic,Cosmetic wrap,11.84 kg,0.2800000000000001,0.9142857142857144,0.3620689655172413,Sustainability Dataset,0.2337818839124322,0.2425944170771757,0.7662181160875678,0.4109032016571406,8,0,0,3,0.23378188391243226,0.27397044334975373,0.3292413793103448
Packaging,Recycled Cardboard,Cardboard,Food container,37.72 kg,0.8,0.5285714285714285,0.3620689655172413,FootprintData,0.7535649728861217,0.5444991789819377,0.2464350271138783,0.5317301797269386,7,1,2,1,0.7535649728861219,0.5591133004926109,0.5372413793103449
Toys,Molded Pulp,Paper,Packaging box,11.83 kg,0.5333333333333334,0.5428571428571429,0.293103448275862,OpenLCA Sample,0.2335810403695521,0.4278598795840176,0.7664189596304479,0.5610696397227415,8,5,5,2,0.23358104036955216,0.4220032840722496,0.3891954022988505
Cosmetics,Cornstarch Plastic,Bioplastic,Medical packaging,25.2 kg,0.5333333333333334,0.2142857142857143,0.8448275862068966,OpenLCA Sample,0.5021088572002409,0.7212917350848386,0.4978911427997591,0.5978840368738632,2,0,4,2,0.502108857200241,0.7084072249589491,0.7202298850574713
Cosmetics,Recycled Paper,Paper,Food container,19.09 kg,0.16,0.07142857142857142,0.2586206896551724,OpenLCA Sample,0.379393452500502,0.449064039408867,0.620606547499498,0.4138075800133962,2,5,2,2,0.3793934525005021,0.35316256157635467,0.21917241379310343
Electronics,Kraft Paper,Paper,Furniture panel,17.07 kg,0.4666666666666667,0.7571428571428571,0.982758620689655,Sustainability Dataset,0.3388230568387226,0.5640941434044883,0.6611769431612774,0.5639907403101785,3,5,3,3,0.33882305683872266,0.6283415435139573,0.7763218390804596
Electronics,Recycled Paper,Paper,Furniture panel,3.75 kg,0.6400000000000001,0.7285714285714286,0.8103448275862069,OpenLCA Sample,0.07129945772243422,0.5739244663382594,0.9287005422775658,0.7001799492185735,3,5,3,2,0.07129945772243423,0.634423645320197,0.7422068965517241
Furniture,Tin Container,Metal,Shipping carton,16.83 kg,0.2266666666666667,0.5142857142857142,0.4655172413793103,OpenLCA Sample,0.3340028118096002,0.392632731253421,0.6659971881903998,0.4248522489584883,4,2,6,2,0.33400281180960023,0.37401642036124794,0.3699770114942528
Toys,Molded Pulp,Paper,Electronic enclosure,9.03 kg,0.6400000000000001,0.8571428571428572,0.2068965517241379,OpenLCA Sample,0.1773448483631251,0.3299178981937603,0.822655151636875,0.5707637047685666,8,5,1,2,0.17734484836312514,0.3673300492610838,0.3801379310344828
Electronics,Kraft Paper,Paper,Electronic enclosure,31.92 kg,0.2666666666666667,0.6714285714285715,0.9482758620689655,OpenLCA Sample,0.6370757180156658,0.5145046524356869,0.3629242819843342,0.3946791455695751,3,5,1,2,0.6370757180156659,0.5516912972085386,0.675632183908046
Furniture,Cotton Fiber,Natural Material,Electronic enclosure,5.84 kg,0.2,0.3,0.1551724137931034,FootprintData,0.1132757581843744,0.3517241379310345,0.8867242418156256,0.4667069277171015,4,4,1,1,0.11327575818437442,0.28206896551724137,0.17310344827586205
Construction,Recycled Cardboard,Cardboard,Furniture panel,34.15 kg,0.24,0.8428571428571427,0.1724137931034482,OpenLCA Sample,0.6818638280779272,0.1898522167487685,0.3181361719220728,0.2433817382761292,1,1,3,2,0.6818638280779273,0.19639408866995073,0.19944827586206892
Cosmetics,Cornstarch Plastic,Bioplastic,Cosmetic wrap,30.14 kg,0.02666666666666667,0.8,0.8620689655172413,FootprintData,0.6013255673830086,0.362911877394636,0.3986744326169914,0.2727670807429518,2,0,0,1,0.6013255673830087,0.3954942528735632,0.5279080459770115
Healthcare,Aluminum Foil,Metal,Cosmetic wrap,18.24 kg,0.3066666666666667,0.04285714285714287,0.482758620689655,OpenLCA Sample,0.3623217513556938,0.5821893814997262,0.6376782486443062,0.5161792271931823,5,2,0,2,0.36232175135569383,0.5071986863711001,0.4123218390804597
Electronics,PLA Bioplastic,Bioplastic,Medical packaging,19.25 kg,0.8,0.7428571428571429,0.3620689655172413,OpenLCA Sample,0.3826069491865836,0.4730706075533662,0.6173930508134164,0.6144461582653714,3,0,4,2,0.3826069491865837,0.516256157635468,0.5372413793103449
Home Appliances,PLA Bioplastic,Bioplastic,Furniture panel,13.05 kg,0.2,0.2571428571428571,0.4482758620689655,Carbon Catalogue,0.2580839526009239,0.4637110016420361,0.7419160473990761,0.4680592148765373,6,0,3,0,0.258083952600924,0.4078817733990148,0.3489655172413793
Automotive,Kraft Paper,Paper,Furniture panel,48.74 kg,0.7733333333333334,0.2857142857142857,0.482758620689655,Carbon Catalogue,0.974894557139988,0.656792556102901,0.02510544286001204,0.5022486552991641,0,5,3,0,0.9748945571399882,0.6452939244663384,0.5989885057471265
Construction,Recycled Paper,Paper,Toy casing,28.55 kg,0.5733333333333335,0.3428571428571429,0.3275862068965516,Sustainability Dataset,0.5693914440650732,0.5193541324575808,0.4306085559349268,0.5089242197635104,1,5,8,3,0.5693914440650734,0.49179638752052546,0.42588505747126437
Automotive,Tin Container,Metal,Shipping carton,23.85 kg,0.2800000000000001,0.9285714285714286,0.3448275862068966,FootprintData,0.474994978911428,0.2320853858784893,0.5250050210885719,0.3343356606779673,0,2,6,1,0.4749949789114281,0.26421674876847295,0.318896551724138
Construction,Recycled Cardboard,Cardboard,Toy casing,14.66 kg,0.44,0.3428571428571429,0.7241379310344827,FootprintData,0.2904197630046194,0.6070935960591133,0.7095802369953806,0.5877115095222596,1,1,8,1,0.29041976300461947,0.5970837438423645,0.6104827586206896
Automotive,Molded Pulp,Paper,Storage container,13.27 kg,0.24,0.07142857142857142,0.7241379310344827,OpenLCA Sample,0.262502510544286,0.6309031198686371,0.737497489455714,0.5456104947841691,0,5,7,2,0.2625025105442861,0.5713694581280788,0.5304827586206896
Cosmetics,Molded Pulp,Paper,Shipping carton,14.35 kg,0.3066666666666667,0.1857142857142857,0.189655172413793,OpenLCA Sample,0.2841936131753364,0.4368691844553913,0.7158063868246636,0.4814895898295556,2,5,6,2,0.2841936131753365,0.3613858784893268,0.23645977011494249
Construction,Bamboo Fiber,Natural Fiber,Food container,27.66 kg,0.2933333333333334,0.5857142857142856,0.603448275862069,Sustainability Dataset,0.5515163687487447,0.4370224411603723,0.4484836312512553,0.3973540658395255,1,3,2,3,0.5515163687487448,0.4415697865353039,0.4794022988505747
Healthcare,Bamboo Fiber,Natural Fiber,Toy casing,31.13 kg,0.8133333333333335,0.2285714285714286,0.9655172413793103,FootprintData,0.6212090781281381,0.8500930487137385,0.3787909218718619,0.697674496047054,5,3,8,1,0.6212090781281382,0.8658259441707717,0.9046436781609195
Toys,Bamboo Fiber,Natural Fiber,Packaging box,20.61 kg,0.02666666666666667,0.1714285714285714,0.9137931034482758,Sustainability Dataset,0.4099216710182767,0.5896770662287903,0.5900783289817233,0.4208943251860331,8,3,5,3,0.4099216710182768,0.5418981937602627,0.5589425287356322
Packaging,Kraft Paper,Paper,Food container,38.12 kg,0.4000000000000001,0.7571428571428571,0.8793103448275861,Sustainability Dataset,0.7615987146013254,0.5073891625615764,0.2384012853986746,0.394476050644233,7,5,2,3,0.7615987146013257,0.560295566502463,0.6875862068965517
Packaging,Cotton Fiber,Natural Material,Storage container,2.65 kg,0.1733333333333333,0.1571428571428571,0.03448275862068961,Sustainability Dataset,0.04920666800562361,0.3502244116037219,0.9507933319943764,0.4773277642398017,7,4,7,3,0.04920666800562362,0.2516978653530378,0.0900229885057471
Furniture,Aluminum Foil,Metal,Food container,9.63 kg,0.7600000000000002,0.9428571428571428,0.603448275862069,OpenLCA Sample,0.1893954609359309,0.4735303776683088,0.810604539064069,0.6605935127865443,4,2,2,2,0.18939546093593096,0.5568078817733991,0.6660689655172415
Healthcare,Aluminum Foil,Metal,Electronic enclosure,5.66 kg,0.9733333333333334,0.5428571428571429,0.1379310344827586,Sustainability Dataset,0.1096605744125326,0.5228024083196496,0.8903394255874674,0.7682227910041,5,2,1,3,0.10966057441253263,0.5359343185550083,0.47209195402298854
Toys,Cornstarch Plastic,Bioplastic,Furniture panel,10.92 kg,0.6266666666666667,0.4857142857142857,0.4482758620689655,OpenLCA Sample,0.2153042779674633,0.5297427476737822,0.7846957220325367,0.6353058156792739,8,0,3,2,0.21530427796746335,0.5328341543513958,0.519632183908046
Construction,Kraft Paper,Paper,Packaging box,3.44 kg,0.1333333333333334,0.2142857142857143,0.1551724137931034,Carbon Catalogue,0.06507330789315123,0.3580733442802408,0.9349266921068488,0.4637073453441509,1,5,5,0,0.06507330789315124,0.2725451559934319,0.14643678160919538
Packaging,Tin Container,Metal,Cosmetic wrap,13.72 kg,0.8800000000000001,0.9714285714285715,0.8620689655172413,Carbon Catalogue,0.2715404699738903,0.5902134646962233,0.7284595300261096,0.7186232448863222,7,2,0,0,0.27154046997389036,0.7025418719211823,0.8692413793103448
Healthcare,Tin Container,Metal,Toy casing,19.68 kg,0.3866666666666667,0.2857142857142857,0.2586206896551724,FootprintData,0.3912432215304277,0.4531910235358511,0.6087567784695722,0.4799034429552121,5,2,8,1,0.3912432215304278,0.4009720853858786,0.30983908045977016
Toys,Recycled Paper,Paper,Storage container,30.8 kg,0.24,0.7571428571428571,0.2413793103448275,OpenLCA Sample,0.614581241213095,0.2414121510673235,0.385418758786905,0.2841904880630009,8,5,7,2,0.6145812412130951,0.24112315270935958,0.2408275862068965
Construction,Molded Pulp,Paper,Food container,0.31 kg,0.2266666666666667,0.8571428571428572,0.8620689655172413,Sustainability Dataset,0.00220927897168106,0.4105309250136837,0.9977907210283189,0.5315495863139692,1,5,2,3,0.0022092789716810605,0.46406568144499183,0.6079080459770114
Cosmetics,Aluminum Foil,Metal,Food container,24.59 kg,0.5466666666666666,0.7285714285714286,0.7241379310344827,OpenLCA Sample,0.4898574010845551,0.5140777230432402,0.5101425989154449,0.5226738688919295,2,2,2,2,0.4898574010845552,0.5626075533661741,0.6531494252873562
Packaging,Molded Pulp,Paper,Storage container,0.38 kg,0.1333333333333334,0.6285714285714286,0.2413793103448275,FootprintData,0.003615183771841735,0.2487137383689108,0.9963848162281582,0.4384009402160117,7,5,7,1,0.003615183771841736,0.22417077175697864,0.19816091954022985
Healthcare,Cotton Fiber,Natural Material,Food container,6.63 kg,0.5066666666666668,0.7714285714285714,1.0,FootprintData,0.129142398071902,0.5784126984126985,0.870857601928098,0.6446223599435088,5,4,2,1,0.12914239807190203,0.6483809523809525,0.8026666666666668
Toys,Recycled Paper,Paper,Medical packaging,43.53 kg,0.06666666666666671,0.5428571428571429,0.4482758620689655,FootprintData,0.8702550712994577,0.3240284619594964,0.1297449287005423,0.1885348633939613,8,5,4,1,0.8702550712994579,0.2974055829228243,0.29563218390804596
Packaging,Cotton Fiber,Natural Material,Cosmetic wrap,9.52 kg,0.4933333333333333,0.1,0.1724137931034482,OpenLCA Sample,0.1871861819642498,0.5219157088122605,0.8128138180357501,0.6006104289356292,7,4,0,2,0.18718618196424983,0.44629885057471264,0.30078160919540226
Healthcare,Kraft Paper,Paper,Electronic enclosure,29.88 kg,0.8400000000000001,0.2142857142857143,0.3448275862068966,FootprintData,0.596103635268126,0.6568472906403942,0.403896364731874,0.6359078256757199,5,5,1,1,0.5961036352681262,0.6310738916256159,0.542896551724138
Electronics,Cornstarch Plastic,Bioplastic,Electronic enclosure,46.9 kg,0.44,0.6285714285714286,0.1551724137931034,Sustainability Dataset,0.9379393452500501,0.322200328407225,0.06206065474994993,0.279498327787875,3,0,1,3,0.9379393452500503,0.31235467980295567,0.2691034482758621
Electronics,PLA Bioplastic,Bioplastic,Furniture panel,19.87 kg,0.7600000000000002,0.4571428571428571,0.5172413793103448,OpenLCA Sample,0.3950592488451496,0.6066995073891627,0.6049407511548504,0.6521620283021202,3,0,3,2,0.3950592488451497,0.6194679802955665,0.6143448275862069
Packaging,Bamboo Fiber,Natural Fiber,Cosmetic wrap,24.97 kg,0.7066666666666668,0.1857142857142857,0.5,Sustainability Dataset,0.4974894557139987,0.6736507936507937,0.5025105442860013,0.6322134807461179,7,3,0,3,0.49748945571399883,0.6455238095238096,0.5826666666666667
Healthcare,Recycled Paper,Paper,Medical packaging,43.53 kg,0.9066666666666667,0.7857142857142856,0.08620689655172409,OpenLCA Sample,0.8702550712994577,0.4023864258347018,0.1297449287005423,0.4718780489440434,5,5,4,2,0.8702550712994579,0.4400065681444992,0.41439080459770117
Packaging,Recycled Paper,Paper,Furniture panel,32.17 kg,0.2800000000000001,0.2571428571428571,0.2068965517241379,FootprintData,0.6420968065876682,0.4099178981937603,0.3579031934123318,0.3553381173012037,7,5,3,1,0.6420968065876683,0.3433300492610838,0.23613793103448277
Construction,Kraft Paper,Paper,Cosmetic wrap,24.44 kg,0.04000000000000004,0.9714285714285715,0.2758620689655171,OpenLCA Sample,0.4868447479413537,0.1148111658456485,0.5131552520586463,0.2118710419558533,1,5,0,2,0.4868447479413538,0.13205911330049258,0.18151724137931027
Healthcare,Aluminum Foil,Metal,Furniture panel,13.91 kg,0.6133333333333333,0.2714285714285714,0.4310344827586206,Sustainability Dataset,0.2753564972886122,0.5909797482211275,0.7246435027113878,0.6377849501018673,5,2,3,3,0.2753564972886123,0.5634614121510673,0.5039540229885057
Electronics,Aluminum Foil,Metal,Medical packaging,49.68 kg,0.8666666666666667,0.6285714285714286,0.9137931034482758,Carbon Catalogue,0.993773850170717,0.717296113847838,0.006226149829283045,0.5487862904879202,3,2,4,0,0.9937738501707172,0.7864696223316914,0.8949425287356322
Automotive,Kraft Paper,Paper,Toy casing,21.42 kg,0.6133333333333333,0.2714285714285714,0.6206896551724137,Carbon Catalogue,0.4261899979915645,0.6541981390257252,0.5738100020084355,0.6178222562128207,0,5,8,0,0.4261899979915646,0.6393234811165845,0.6177471264367815
Cosmetics,Molded Pulp,Paper,Cosmetic wrap,11.3 kg,0.05333333333333334,0.7428571428571429,0.6206896551724137,Sustainability Dataset,0.222936332596907,0.3103886152162014,0.777063667403093,0.3732745463074084,2,5,0,3,0.22293633259690707,0.32103776683087026,0.3937471264367815
Packaging,Molded Pulp,Paper,Toy casing,11.17 kg,0.2933333333333334,0.1142857142857143,0.6206896551724137,FootprintData,0.2203253665394657,0.5999124247400109,0.7796746334605342,0.5618673599341646,7,5,8,1,0.22032536653946574,0.542752052545156,0.48974712643678153
Home Appliances,Bamboo Fiber,Natural Fiber,Storage container,22.41 kg,0.2666666666666667,0.5571428571428572,0.08620689655172409,Sustainability Dataset,0.4460735087366941,0.2652435686918445,0.553926491263306,0.3522753748557296,6,3,7,3,0.4460735087366942,0.2297208538587849,0.15839080459770113
Electronics,Cotton Fiber,Natural Material,Medical packaging,13.81 kg,0.1466666666666667,0.07142857142857142,0.896551724137931,FootprintData,0.2733480618598112,0.6572632731253422,0.7266519381401888,0.5249008906921936,3,4,4,1,0.27334806185981125,0.6030016420361248,0.5965977011494252
Cosmetics,Cotton Fiber,Natural Material,Shipping carton,5.9 kg,0.6400000000000001,0.9571428571428571,1.0,FootprintData,0.1144808194416549,0.560952380952381,0.8855191805583451,0.6820367065484559,2,4,6,1,0.11448081944165493,0.6645714285714287,0.8560000000000001
Cosmetics,Aluminum Foil,Metal,Medical packaging,22.65 kg,0.9866666666666668,0.9571428571428571,0.5172413793103448,Sustainability Dataset,0.4508937537658164,0.5155883962780515,0.5491062462341836,0.6669672323814757,2,2,4,3,0.45089375376581653,0.6101346469622332,0.7050114942528736
Healthcare,Recycled Cardboard,Cardboard,Cosmetic wrap,8.12 kg,0.1733333333333333,0.8714285714285714,0.2758620689655171,OpenLCA Sample,0.1590680859610363,0.1925889436234264,0.8409319140389637,0.3813151516610597,5,1,0,2,0.15906808596103633,0.20539244663382591,0.2348505747126436
Home Appliances,Aluminum Foil,Metal,Medical packaging,19.7 kg,0.9066666666666667,0.9571428571428571,0.4137931034482758,FootprintData,0.3916449086161879,0.4544389709906951,0.608355091383812,0.6362821158114217,6,2,4,1,0.391644908616188,0.5367553366174056,0.6109425287356322
Home Appliances,PLA Bioplastic,Bioplastic,Cosmetic wrap,44.51 kg,0.2266666666666667,0.2428571428571428,0.189655172413793,Sustainability Dataset,0.8899377385017071,0.3911548987411056,0.1100622614982929,0.2574806379459301,6,0,0,3,0.8899377385017073,0.31795730706075537,0.20445977011494249
Electronics,Cotton Fiber,Natural Material,Toy casing,22.12 kg,0.6800000000000002,0.4714285714285714,0.9655172413793103,Sustainability Dataset,0.4402490459931713,0.7246962233169131,0.5597509540068287,0.6618037755288139,3,4,8,3,0.4402490459931714,0.76392118226601,0.8513103448275863
Furniture,Kraft Paper,Paper,Shipping carton,31.47 kg,0.8933333333333335,0.9285714285714286,0.2068965517241379,Sustainability Dataset,0.6280377585860614,0.3905528188286809,0.3719622414139386,0.535809799955654,4,5,6,3,0.6280377585860615,0.4543776683087029,0.4814712643678162
Home Appliances,Recycled Paper,Paper,Toy casing,32.24 kg,0.1200000000000001,0.5285714285714285,0.08620689655172409,Sustainability Dataset,0.6435027113878289,0.2258784893267652,0.3564972886121711,0.2333005823143574,6,5,8,3,0.643502711387829,0.176768472906404,0.09972413793103449
Electronics,Recycled Paper,Paper,Food container,17.76 kg,0.56,0.6142857142857143,0.482758620689655,Carbon Catalogue,0.3526812612974493,0.4761576354679802,0.6473187387025507,0.5526586757979574,3,5,2,0,0.35268126129744937,0.49424630541871917,0.513655172413793
Furniture,Tin Container,Metal,Electronic enclosure,7.14 kg,0.0,0.7142857142857142,0.9482758620689655,FootprintData,0.1393854187587869,0.4113300492610838,0.8606145812412132,0.4227163940767975,4,2,1,1,0.13938541875878693,0.4364532019704434,0.5689655172413793
Healthcare,Molded Pulp,Paper,Shipping carton,1.93 kg,0.7600000000000002,0.6428571428571428,0.7241379310344827,OpenLCA Sample,0.03474593291825668,0.61376026272578,0.9652540670817433,0.7630803252148352,5,5,6,2,0.034745932918256686,0.6650837438423646,0.7384827586206897
Toys,PLA Bioplastic,Bioplastic,Food container,41.54 kg,0.06666666666666671,0.2285714285714286,0.3448275862068966,Sustainability Dataset,0.8302872062663185,0.3943076081007115,0.1697127937336815,0.2286368813603891,8,0,2,3,0.8302872062663187,0.31888341543513965,0.23356321839080463
Automotive,Aluminum Foil,Metal,Storage container,2.35 kg,0.4533333333333334,0.5714285714285714,0.396551724137931,OpenLCA Sample,0.04318136171922073,0.426152162014231,0.9568186382807793,0.5935064562899262,0,2,7,2,0.04318136171922074,0.4256683087027915,0.419264367816092
Construction,Bamboo Fiber,Natural Fiber,Toy casing,36.99 kg,0.1466666666666667,0.3,0.06896551724137923,Sustainability Dataset,0.7389033942558747,0.3052107279693486,0.2610966057441253,0.2444132729109771,1,3,8,3,0.7389033942558748,0.22625287356321835,0.10004597701149422
Packaging,Recycled Cardboard,Cardboard,Medical packaging,45.84 kg,0.7600000000000002,0.3285714285714286,0.3275862068965516,Sustainability Dataset,0.91664992970476,0.5863382594417078,0.08335007029524,0.4875403248652552,7,1,4,3,0.9166499297047602,0.5693201970443351,0.500551724137931
Electronics,Cotton Fiber,Natural Material,Furniture panel,37.08 kg,0.8666666666666667,0.07142857142857142,0.5344827586206895,Sustainability Dataset,0.7407109861417954,0.7765736179529282,0.2592890138582046,0.6484161513386326,3,4,3,3,0.7407109861417955,0.7461740558292282,0.6673563218390803
Construction,PLA Bioplastic,Bioplastic,Packaging box,46.72 kg,0.36,0.4,0.8103448275862069,FootprintData,0.9343241614782084,0.5901149425287356,0.0656758385217916,0.3637487285680318,1,0,5,1,0.9343241614782086,0.5881379310344828,0.6302068965517241
Home Appliances,Recycled Cardboard,Cardboard,Medical packaging,46.34 kg,0.9866666666666668,0.7285714285714286,0.7241379310344827,Carbon Catalogue,0.9266921068487648,0.6607443897099069,0.0733078931512352,0.5822901238293334,6,1,4,0,0.926692106848765,0.738607553366174,0.8291494252873564
Electronics,Molded Pulp,Paper,Packaging box,44.2 kg,0.6666666666666667,0.01428571428571429,0.0,OpenLCA Sample,0.8837115886724242,0.5507936507936508,0.1162884113275758,0.4552039837157331,3,5,5,2,0.8837115886724244,0.4638095238095239,0.2666666666666667
Home Appliances,Bamboo Fiber,Natural Fiber,Furniture panel,17.01 kg,0.8933333333333335,0.07142857142857142,0.9310344827586206,FootprintData,0.3376179955814421,0.9176464148877942,0.662382004418558,0.8337731672806852,6,3,3,1,0.3376179955814422,0.9154614121510674,0.9159540229885057
Home Appliances,Bamboo Fiber,Natural Fiber,Food container,23.35 kg,0.4933333333333333,0.6428571428571428,0.8448275862068966,Carbon Catalogue,0.4649528017674232,0.5651012588943624,0.5350471982325768,0.534554663027518,6,3,2,0,0.4649528017674233,0.6066929392446634,0.7042298850574713
Construction,Recycled Cardboard,Cardboard,Packaging box,22.9 kg,0.56,0.3714285714285714,0.7413793103448276,OpenLCA Sample,0.4559148423378188,0.6433169129720854,0.5440851576621812,0.5885523124874886,1,1,5,2,0.4559148423378189,0.6462660098522168,0.6688275862068966
Automotive,Aluminum Foil,Metal,Cosmetic wrap,10.83 kg,0.1866666666666667,0.8857142857142857,0.0,Carbon Catalogue,0.2134966860815425,0.1003174603174603,0.7865033139184575,0.3320779783025214,0,2,0,0,0.21349668608154257,0.09752380952380955,0.07466666666666669
Home Appliances,PLA Bioplastic,Bioplastic,Storage container,17.22 kg,0.2666666666666667,0.9285714285714286,0.9655172413793103,Carbon Catalogue,0.341835709981924,0.4345374931581827,0.658164290018076,0.4512642842686959,6,0,7,0,0.34183570998192403,0.507159277504105,0.6859770114942528
Furniture,Cotton Fiber,Natural Material,Packaging box,37.93 kg,0.5466666666666666,0.3428571428571429,0.5,Sustainability Dataset,0.7577826872866037,0.567936507936508,0.2422173127133963,0.463839796988622,4,4,5,3,0.7577826872866039,0.5500952380952381,0.5186666666666666
Automotive,Aluminum Foil,Metal,Packaging box,24.46 kg,0.0,0.1428571428571428,0.6724137931034482,OpenLCA Sample,0.4872464350271138,0.5098522167487685,0.5127535649728862,0.3577669561913732,0,2,5,2,0.4872464350271139,0.4403940886699508,0.4034482758620689
Cosmetics,Molded Pulp,Paper,Food container,11.72 kg,0.5866666666666667,0.6142857142857143,0.1379310344827586,FootprintData,0.2313717613978711,0.370103995621237,0.7686282386021289,0.5546300698291335,2,5,2,1,0.23137176139787116,0.36698193760262726,0.31742528735632186
Furniture,PLA Bioplastic,Bioplastic,Furniture panel,43.66 kg,0.06666666666666671,0.7571428571428571,0.189655172413793,Carbon Catalogue,0.8728660373568988,0.1663929939792009,0.1271339626431012,0.1246973863846107,4,0,3,0,0.872866037356899,0.15110016420361247,0.14045977011494248
Electronics,Cornstarch Plastic,Bioplastic,Cosmetic wrap,4.95 kg,0.4533333333333334,0.04285714285714287,0.4137931034482758,Sustainability Dataset,0.09540068286804579,0.6080897646414888,0.9045993171319542,0.6506157009961818,3,0,0,3,0.09540068286804582,0.5382791461412151,0.4296091954022988
Furniture,Aluminum Foil,Metal,Packaging box,14.11 kg,0.6133333333333333,0.7285714285714286,0.982758620689655,Sustainability Dataset,0.2793733681462141,0.6225068418171865,0.720626631853786,0.6491907262830103,4,2,5,3,0.27937336814621416,0.6927224958949096,0.8349885057471262
Electronics,Aluminum Foil,Metal,Cosmetic wrap,22.46 kg,0.4533333333333334,0.8428571428571427,0.4310344827586206,Sustainability Dataset,0.4470777264510946,0.3471702244116037,0.5529222735489054,0.4407447718293132,3,2,0,3,0.4470777264510947,0.3851756978653531,0.4399540229885057
Electronics,Recycled Cardboard,Cardboard,Furniture panel,19.13 kg,0.4533333333333334,0.7714285714285714,0.982758620689655,FootprintData,0.3801968266720224,0.554887794198139,0.6198031733279776,0.5438960696776489,3,1,3,1,0.38019682667202254,0.6201510673234811,0.7709885057471263
Toys,Cotton Fiber,Natural Material,Toy casing,34.31 kg,0.44,0.3714285714285714,0.8448275862068966,OpenLCA Sample,0.6850773247640088,0.6377996715927751,0.3149226752359912,0.4815966712079074,8,4,8,2,0.685077324764009,0.6396453201970445,0.682896551724138
Furniture,PLA Bioplastic,Bioplastic,Toy casing,36.02 kg,0.2533333333333334,0.9142857142857144,0.8448275862068966,Sustainability Dataset,0.7194215705965054,0.3946250684181719,0.2805784294034946,0.3180235561883171,4,0,8,3,0.7194215705965055,0.45640722495894914,0.6082298850574713
Automotive,Bamboo Fiber,Natural Fiber,Storage container,7.63 kg,0.3066666666666667,0.7285714285714286,0.6551724137931034,OpenLCA Sample,0.1492267523599116,0.4110892172961138,0.8507732476400884,0.511667661210472,0,3,7,2,0.14922675235991162,0.4390213464696224,0.5157701149425287
Healthcare,Tin Container,Metal,Medical packaging,23.69 kg,0.7600000000000002,0.6857142857142857,0.896551724137931,FootprintData,0.4717814822253464,0.6569458128078819,0.5282185177746536,0.6492438804555489,5,2,4,1,0.4717814822253465,0.7254778325123153,0.8419310344827586
Healthcare,PLA Bioplastic,Bioplastic,Furniture panel,34.42 kg,0.9066666666666667,0.8,0.6551724137931034,FootprintData,0.6872866037356898,0.58727969348659,0.3127133962643102,0.600725896273929,5,0,3,1,0.68728660373569,0.6647356321839082,0.7557701149425287
Toys,Cotton Fiber,Natural Material,Electronic enclosure,36.53 kg,0.1733333333333333,0.9571428571428571,0.896551724137931,OpenLCA Sample,0.7296645912833902,0.3709140667761358,0.2703354087166098,0.2814662493254372,8,4,1,2,0.7296645912833903,0.4365254515599344,0.6072643678160919
Home Appliances,Kraft Paper,Paper,Toy casing,35.23 kg,0.9066666666666667,0.9571428571428571,0.396551724137931,Carbon Catalogue,0.7035549307089776,0.4486918445539136,0.2964450692910224,0.5404102586088722,6,5,8,0,0.7035549307089777,0.5298587848932677,0.6005977011494252
Electronics,Bamboo Fiber,Natural Fiber,Shipping carton,5.57 kg,0.5066666666666668,0.9857142857142858,0.5172413793103448,Sustainability Dataset,0.1078529825266118,0.346064586754242,0.8921470174733882,0.5580699399437132,3,3,6,3,0.10785298252661182,0.4124203612479475,0.5130114942528736
Furniture,Cotton Fiber,Natural Material,Furniture panel,25.93 kg,0.2,0.9571428571428571,0.01724137931034475,Sustainability Dataset,0.516770435830488,0.08669950738916256,0.483229564169512,0.2396486722065186,4,4,3,3,0.5167704358304881,0.09546798029556651,0.09034482758620686
Toys,Molded Pulp,Paper,Furniture panel,21.37 kg,0.5866666666666667,0.3571428571428572,0.482758620689655,FootprintData,0.4251857802771641,0.5707608100711549,0.5748142197228359,0.5767485899453126,8,5,3,1,0.4251857802771642,0.5563415435139573,0.5243218390804597
Healthcare,Aluminum Foil,Metal,Shipping carton,14.65 kg,0.02666666666666667,0.5285714285714285,0.6206896551724137,FootprintData,0.2902189194617393,0.3729282977558839,0.7097810805382607,0.3701056432638318,5,2,6,1,0.29021891946173933,0.3532282430213465,0.38308045977011485
Packaging,PLA Bioplastic,Bioplastic,Medical packaging,15.28 kg,0.8533333333333335,0.2,0.6206896551724137,Carbon Catalogue,0.3028720626631853,0.758007662835249,0.6971279373368147,0.7683414463351441,7,0,4,0,0.30287206266318534,0.749609195402299,0.7137471264367816
Furniture,Tin Container,Metal,Packaging box,29.19 kg,0.2133333333333334,0.6285714285714286,0.03448275862068961,Sustainability Dataset,0.5822454308093995,0.2064148877941981,0.4177545691906005,0.2718923258748594,4,2,5,3,0.5822454308093996,0.1734121510673235,0.10602298850574714
Healthcare,Recycled Cardboard,Cardboard,Shipping carton,42.88 kg,0.9066666666666667,0.2142857142857143,0.982758620689655,Carbon Catalogue,0.8572002410122515,0.8917131910235359,0.1427997589877485,0.6715252041057389,5,1,6,0,0.8572002410122517,0.9129129720853858,0.9523218390804596
Automotive,Molded Pulp,Paper,Furniture panel,26.54 kg,1.0,0.2857142857142857,0.9655172413793103,OpenLCA Sample,0.5290218919461739,0.8932676518883417,0.4709781080538261,0.7986004931714845,0,5,3,2,0.529021891946174,0.9290640394088671,0.9793103448275862
Toys,Molded Pulp,Paper,Cosmetic wrap,1.59 kg,0.2266666666666667,0.6000000000000001,0.482758620689655,FootprintData,0.0279172524603334,0.3698084291187739,0.9720827475396666,0.5075481959094095,8,5,0,1,0.027917252460333407,0.36377011494252864,0.3803218390804597
Home Appliances,Tin Container,Metal,Electronic enclosure,38.64 kg,0.1866666666666667,0.02857142857142858,0.5344827586206895,Sustainability Dataset,0.7720425788310905,0.5641926655719759,0.2279574211689095,0.3500642925794632,6,2,1,3,0.7720425788310907,0.4827454844006568,0.3953563218390804
Automotive,Aluminum Foil,Metal,Toy casing,41.91 kg,0.6400000000000001,0.1857142857142857,0.482758620689655,Sustainability Dataset,0.837718417352882,0.6456814449917898,0.162281582647118,0.4989570527908513,0,2,8,3,0.8377184173528822,0.6119605911330049,0.545655172413793
Packaging,Cornstarch Plastic,Bioplastic,Packaging box,6.51 kg,0.9066666666666667,0.9571428571428571,0.1379310344827586,Sustainability Dataset,0.1267322755573408,0.3624849480021894,0.8732677244426592,0.6789742965336736,7,0,5,3,0.12673227555734082,0.4264105090311987,0.44542528735632186
Furniture,Molded Pulp,Paper,Storage container,11.67 kg,0.7866666666666668,0.6285714285714286,0.9655172413793103,Carbon Catalogue,0.2303675436834705,0.7078708264915162,0.7696324563165294,0.7500380674915654,4,5,7,0,0.23036754368347057,0.7751592775041052,0.8939770114942529
Toys,Bamboo Fiber,Natural Fiber,Cosmetic wrap,48.92 kg,0.2266666666666667,0.7142857142857142,0.8448275862068966,Sustainability Dataset,0.9785097409118296,0.4524028461959497,0.02149025908817037,0.255408216204831,8,3,0,3,0.9785097409118299,0.48574055829228246,0.5975632183908046
Cosmetics,PLA Bioplastic,Bioplastic,Furniture panel,47.99 kg,0.5866666666666667,0.1571428571428571,0.3793103448275861,Sustainability Dataset,0.9598312914239807,0.6029447181171318,0.04016870857601929,0.4292284998196585,2,0,3,3,0.9598312914239809,0.5549622331691297,0.4622528735632183
Cosmetics,Tin Container,Metal,Toy casing,27.62 kg,0.2666666666666667,0.8428571428571427,0.7068965517241379,OpenLCA Sample,0.5507129945772243,0.3769020251778872,0.4492870054227757,0.3655469116979876,2,2,8,2,0.5507129945772244,0.42085385878489334,0.5308045977011494
Home Appliances,PLA Bioplastic,Bioplastic,Medical packaging,12.56 kg,0.36,0.9285714285714286,0.7068965517241379,Sustainability Dataset,0.2482426189997992,0.3794417077175698,0.7517573810002008,0.4853038973870881,6,0,4,3,0.24824261899979927,0.4410443349753695,0.5681379310344827
Automotive,PLA Bioplastic,Bioplastic,Electronic enclosure,12.21 kg,0.4266666666666667,0.7142857142857142,0.5172413793103448,OpenLCA Sample,0.2412130949989958,0.4098741105637658,0.7587869050010042,0.5195857157258076,0,0,1,2,0.24121309499899585,0.43470607553366175,0.48101149425287354
Healthcare,Molded Pulp,Paper,Furniture panel,18.51 kg,0.7333333333333334,0.657142857142857,0.4310344827586206,OpenLCA Sample,0.3677445270134565,0.502408319649699,0.6322554729865435,0.6106399697558427,5,5,3,2,0.36774452701345656,0.5343185550082102,0.5519540229885058
Cosmetics,Kraft Paper,Paper,Food container,2.42 kg,0.52,0.05714285714285713,0.8448275862068966,FootprintData,0.0445872665193814,0.7692282430213465,0.9554127334806186,0.7503151172527242,2,5,2,1,0.044587266519381406,0.7345024630541872,0.7148965517241379
Cosmetics,Recycled Paper,Paper,Shipping carton,0.28 kg,0.44,0.5571428571428572,0.3103448275862069,Sustainability Dataset,0.001606748343040771,0.3977339901477832,0.9983932516569592,0.590611571556201,2,5,6,3,0.0016067483430407714,0.38870935960591135,0.36220689655172417
Electronics,Aluminum Foil,Metal,Furniture panel,7.99 kg,0.0,0.3714285714285714,0.1206896551724137,OpenLCA Sample,0.1564571199035951,0.2497536945812807,0.8435428800964049,0.3529643418614338,3,2,3,2,0.15645711990359512,0.1739901477832512,0.07241379310344821
Construction,Tin Container,Metal,Cosmetic wrap,47.56 kg,0.2800000000000001,0.04285714285714287,0.6206896551724137,OpenLCA Sample,0.9511950190801366,0.6192775041050903,0.04880498091986341,0.3463524959179952,1,2,0,2,0.9511950190801368,0.551704433497537,0.48441379310344823
Automotive,Molded Pulp,Paper,Packaging box,40.13 kg,0.9733333333333334,0.02857142857142858,0.6896551724137931,Sustainability Dataset,0.8019682667202249,0.8781390257252326,0.1980317332797751,0.7026651302740256,0,5,5,3,0.8019682667202251,0.8594811165845649,0.8031264367816092
Automotive,Recycled Paper,Paper,Storage container,36.84 kg,0.56,0.9285714285714286,0.293103448275862,FootprintData,0.7358907411126733,0.3081773399014778,0.2641092588873267,0.3705037136267891,0,5,7,1,0.7358907411126734,0.3555270935960591,0.39986206896551724
Construction,Cotton Fiber,Natural Material,Food container,15.53 kg,0.4133333333333334,0.02857142857142858,0.3103448275862069,OpenLCA Sample,0.3078931512351877,0.5650355774493706,0.6921068487648123,0.5576462856091919,1,4,2,2,0.30789315123518773,0.4837569786535304,0.3515402298850575
Electronics,Cotton Fiber,Natural Material,Storage container,37.94 kg,0.04000000000000004,0.02857142857142858,0.2586206896551724,FootprintData,0.7579835308294838,0.4233497536945813,0.2420164691705162,0.2539448422289874,3,4,7,1,0.757983530829484,0.31373399014778325,0.17117241379310344
Toys,Molded Pulp,Paper,Medical packaging,27.06 kg,0.72,0.8714285714285714,0.5,Carbon Catalogue,0.5394657561759388,0.4495238095238095,0.4605342438240612,0.5339697969567422,8,5,4,0,0.539465756175939,0.5137142857142857,0.588
Packaging,Recycled Cardboard,Cardboard,Cosmetic wrap,11.95 kg,0.8,0.8285714285714285,0.9137931034482758,Carbon Catalogue,0.2359911628841132,0.6284072249589491,0.7640088371158867,0.7205655411183456,7,1,0,0,0.23599116288411326,0.7198029556650247,0.8682758620689656
Construction,Kraft Paper,Paper,Toy casing,37.3 kg,0.2533333333333334,0.7714285714285714,0.2241379310344827,OpenLCA Sample,0.7451295440851575,0.2353475643130816,0.2548704559148425,0.2466001624996854,1,5,8,2,0.7451295440851576,0.23670279146141218,0.23581609195402298
Construction,Bamboo Fiber,Natural Fiber,Electronic enclosure,45.87 kg,0.5866666666666667,0.9142857142857144,0.0,Sustainability Dataset,0.9172524603334001,0.2241269841269841,0.08274753966659987,0.2904750555507736,1,3,1,3,0.9172524603334004,0.2518095238095238,0.2346666666666667
Automotive,Molded Pulp,Paper,Cosmetic wrap,19.46 kg,0.9200000000000002,0.3285714285714286,0.189655172413793,Carbon Catalogue,0.3868246635870656,0.5936945812807882,0.6131753364129344,0.6974304334361956,0,5,0,0,0.3868246635870657,0.5781477832512316,0.4817931034482759
Automotive,Cornstarch Plastic,Bioplastic,Electronic enclosure,4.02 kg,0.8400000000000001,0.7,0.1724137931034482,OpenLCA Sample,0.07672223338019682,0.4374712643678161,0.9232777666198032,0.7039718357330673,0,0,1,2,0.07672223338019683,0.46496551724137936,0.439448275862069
Automotive,Tin Container,Metal,Electronic enclosure,37.33 kg,0.1733333333333333,0.3714285714285714,0.0,FootprintData,0.7457320747137979,0.2673015873015873,0.2542679252862021,0.2352010125064956,0,2,1,1,0.745732074713798,0.19504761904761905,0.06933333333333333
Electronics,Tin Container,Metal,Electronic enclosure,17.12 kg,0.3466666666666667,0.5142857142857142,0.7241379310344827,FootprintData,0.3398272745531231,0.518839627805145,0.6601727254468769,0.509587668756121,3,2,1,1,0.33982727455312317,0.5254646962233169,0.5731494252873562
Home Appliances,Aluminum Foil,Metal,Food container,25.83 kg,0.04000000000000004,0.3714285714285714,0.8793103448275861,Carbon Catalogue,0.514762000401687,0.5159605911330049,0.485237999598313,0.3639556363326959,6,2,2,0,0.5147620004016871,0.4934384236453202,0.5435862068965517
Healthcare,Tin Container,Metal,Storage container,39.9 kg,0.4533333333333334,0.7,0.2241379310344827,Sustainability Dataset,0.7973488652339826,0.325823754789272,0.2026511347660174,0.327124842345514,5,2,7,3,0.7973488652339829,0.33098850574712646,0.315816091954023
Packaging,Kraft Paper,Paper,Storage container,7.72 kg,0.05333333333333334,0.4142857142857143,0.896551724137931,FootprintData,0.1510343442458325,0.5118664477285167,0.8489656557541675,0.475436275817657,7,5,7,1,0.15103434424583254,0.4970968801313629,0.5592643678160919
Toys,Cotton Fiber,Natural Material,Shipping carton,22.99 kg,0.5733333333333335,0.5571428571428572,0.982758620689655,OpenLCA Sample,0.4577224342237396,0.6663163656267105,0.5422775657762604,0.6012098159835624,8,4,6,2,0.4577224342237397,0.7110082101806239,0.8189885057471263
Automotive,Recycled Paper,Paper,Food container,3.83 kg,0.01333333333333336,0.1142857142857143,0.189655172413793,OpenLCA Sample,0.07290620606547499,0.3629009304871373,0.927093793934525,0.4272885103752124,0,5,2,2,0.072906206065475,0.25833825944170774,0.11912643678160914
Furniture,Aluminum Foil,Metal,Shipping carton,28.55 kg,0.5333333333333334,0.2,0.4482758620689655,Sustainability Dataset,0.5693914440650732,0.5938697318007663,0.4306085559349268,0.5267304595007846,4,2,6,3,0.5693914440650734,0.5526436781609196,0.48229885057471267
Furniture,Aluminum Foil,Metal,Furniture panel,4.39 kg,0.4933333333333333,0.8,0.1206896551724137,OpenLCA Sample,0.08415344446676039,0.2713409961685824,0.9158465555332396,0.5312903651274048,4,2,3,2,0.0841534444667604,0.2856091954022988,0.26974712643678156
Cosmetics,Tin Container,Metal,Furniture panel,10.44 kg,0.2533333333333334,0.4142857142857143,0.103448275862069,Carbon Catalogue,0.2056637879092187,0.3141652983032293,0.7943362120907813,0.4399669829485262,2,2,3,0,0.20566378790921874,0.2598555008210181,0.16340229885057478
Electronics,Molded Pulp,Paper,Medical packaging,6.69 kg,0.9600000000000002,0.07142857142857142,0.7068965517241379,Carbon Catalogue,0.1303474593291825,0.8651559934318556,0.8696525406708174,0.8949581595739875,3,5,4,0,0.13034745932918254,0.852472906403941,0.8081379310344828
Toys,Recycled Paper,Paper,Packaging box,44.09 kg,0.48,0.3857142857142857,0.2413793103448275,OpenLCA Sample,0.8815023097007432,0.4452216748768472,0.1184976902992568,0.357637977040516,8,5,5,2,0.8815023097007434,0.4114088669950739,0.3368275862068965
Home Appliances,Kraft Paper,Paper,Furniture panel,30.83 kg,0.09333333333333338,0.5714285714285714,0.293103448275862,FootprintData,0.6151837718417352,0.2716694033935413,0.3848162281582648,0.252112629804896,6,5,3,1,0.6151837718417353,0.24028899835796386,0.21319540229885053
Cosmetics,Recycled Paper,Paper,Furniture panel,8.31 kg,0.1066666666666667,0.1285714285714286,0.6379310344827585,OpenLCA Sample,0.1628841132757582,0.5386754241926656,0.8371158867242419,0.4986049356943388,2,5,3,2,0.16288411327575822,0.4721247947454844,0.42542528735632174
Electronics,Tin Container,Metal,Cosmetic wrap,47.23 kg,0.1466666666666667,0.8142857142857143,0.4310344827586206,OpenLCA Sample,0.9445671821650933,0.254471811713191,0.05543281783490672,0.1624185700357484,3,2,0,2,0.9445671821650935,0.2682233169129721,0.3172873563218391
Toys,Tin Container,Metal,Toy casing,35.49 kg,0.6933333333333334,0.3,0.7068965517241379,OpenLCA Sample,0.7087768628238602,0.7000766283524905,0.2912231371761398,0.5753975924938382,8,2,8,2,0.7087768628238603,0.7000919540229885,0.701471264367816
Home Appliances,Bamboo Fiber,Natural Fiber,Shipping carton,19.09 kg,0.9866666666666668,0.4714285714285714,0.2586206896551724,FootprintData,0.379393452500502,0.5912862616310893,0.620606547499498,0.7186964689022851,6,3,6,1,0.3793934525005021,0.6038292282430214,0.5498390804597701
Automotive,Recycled Cardboard,Cardboard,Shipping carton,37.6 kg,0.8533333333333335,0.1428571428571428,0.5172413793103448,Carbon Catalogue,0.7511548503715605,0.7425725232621785,0.2488451496284395,0.6276825541934032,0,1,6,0,0.7511548503715607,0.7196584564860429,0.6516781609195403
Toys,Cotton Fiber,Natural Material,Packaging box,20.06 kg,0.1733333333333333,0.8,0.7068965517241379,Sustainability Dataset,0.3988752761598714,0.3600766283524904,0.6011247238401286,0.3763680684930347,8,4,5,3,0.3988752761598715,0.3920919540229885,0.4934712643678161
Toys,Aluminum Foil,Metal,Shipping carton,11.12 kg,0.6666666666666667,0.4857142857142857,0.7413793103448276,OpenLCA Sample,0.2193211488250652,0.6407772304324029,0.7806788511749347,0.6905145475254415,8,2,6,2,0.21932114882506526,0.6660755336617407,0.7114942528735633
Automotive,Aluminum Foil,Metal,Food container,34.22 kg,0.02666666666666667,0.08571428571428572,0.1206896551724137,OpenLCA Sample,0.6832697328780879,0.3538806787082649,0.3167302671219121,0.2445713516198796,0,2,2,2,0.683269732878088,0.241799671592775,0.08308045977011488
Construction,Cornstarch Plastic,Bioplastic,Packaging box,30.69 kg,1.0,0.6000000000000001,0.5344827586206895,Sustainability Dataset,0.6123719622414139,0.6448275862068965,0.3876280377585861,0.6742194458103346,1,0,5,3,0.612371962241414,0.6937931034482758,0.7206896551724138
Automotive,PLA Bioplastic,Bioplastic,Cosmetic wrap,21.8 kg,0.4266666666666667,0.4428571428571429,0.0,Sustainability Dataset,0.4338220526210082,0.327936507936508,0.5661779473789919,0.4290279873883007,0,0,0,3,0.4338220526210083,0.2820952380952381,0.1706666666666667
Furniture,Recycled Paper,Paper,Shipping carton,16.15 kg,0.24,0.8714285714285714,0.6379310344827585,Sustainability Dataset,0.3203454508937537,0.3355008210180623,0.6796545491062462,0.4100966931390988,4,5,6,3,0.32034545089375377,0.37688669950738907,0.478758620689655
Electronics,Recycled Cardboard,Cardboard,Electronic enclosure,40.42 kg,0.1466666666666667,0.3714285714285714,0.05172413793103448,Sustainability Dataset,0.8077927294637477,0.2756540777230432,0.1922072705362523,0.211923812250093,3,1,1,3,0.8077927294637479,0.2050706075533662,0.08970114942528737
Healthcare,Kraft Paper,Paper,Medical packaging,41.4 kg,0.6533333333333333,0.4571428571428571,0.3448275862068966,FootprintData,0.8274753966659971,0.513672687465791,0.1725246033340029,0.4532264559865172,5,5,4,1,0.8274753966659973,0.5078357963875206,0.4682298850574713
Electronics,Cotton Fiber,Natural Material,Cosmetic wrap,12.3 kg,0.5866666666666667,0.5428571428571429,0.586206896551724,OpenLCA Sample,0.2430206868849166,0.5433388067870826,0.7569793131150834,0.620429316649358,3,4,0,2,0.24302068688491665,0.5605779967159277,0.5863908045977011
Furniture,Recycled Paper,Paper,Furniture panel,34.97 kg,0.56,0.2857142857142857,0.7931034482758621,Sustainability Dataset,0.6983329985940951,0.6891297208538588,0.3016670014059049,0.534151988763315,4,5,3,3,0.6983329985940953,0.6840985221674878,0.6998620689655173
Automotive,Aluminum Foil,Metal,Medical packaging,14.35 kg,0.16,0.9428571428571428,0.1379310344827586,OpenLCA Sample,0.2841936131753364,0.1183579638752053,0.7158063868246636,0.3100851015974811,0,2,4,2,0.2841936131753365,0.13060098522167488,0.14675862068965517
Cosmetics,PLA Bioplastic,Bioplastic,Cosmetic wrap,6.07 kg,0.02666666666666667,0.2857142857142857,0.2413793103448275,FootprintData,0.1178951596706166,0.3274438970990695,0.8821048403293834,0.4036090109384428,2,0,0,1,0.11789515967061663,0.25007553366174057,0.15549425287356317
Cosmetics,Cotton Fiber,Natural Material,Medical packaging,26.51 kg,0.5466666666666666,0.3285714285714286,0.1206896551724137,FootprintData,0.5284193613175336,0.4462616310892173,0.4715806386824664,0.4839788440404268,2,4,4,1,0.5284193613175338,0.40122824302134646,0.2910804597701149
Electronics,PLA Bioplastic,Bioplastic,Storage container,18.71 kg,0.05333333333333334,0.1428571428571428,0.3793103448275861,Carbon Catalogue,0.3717613978710584,0.4299288451012589,0.6282386021289416,0.3764431186791861,3,0,7,0,0.37176139787105844,0.34448604269293925,0.24891954022988497
Electronics,PLA Bioplastic,Bioplastic,Toy casing,32.31 kg,0.7866666666666668,0.2428571428571428,0.2586206896551724,Carbon Catalogue,0.6449086161879896,0.6008100711548988,0.3550913838120104,0.5828514436055627,3,0,8,0,0.6449086161879897,0.5695435139573072,0.4698390804597702
Packaging,Cornstarch Plastic,Bioplastic,Food container,44.62 kg,0.8133333333333335,0.5857142857142856,0.3793103448275861,Carbon Catalogue,0.8921470174733881,0.5356431308155446,0.1078529825266119,0.4906131470842015,7,0,2,0,0.8921470174733883,0.5599146141215108,0.552919540229885
Construction,PLA Bioplastic,Bioplastic,Storage container,20.58 kg,0.9600000000000002,0.02857142857142858,0.8620689655172413,OpenLCA Sample,0.4093191403896364,0.9311658456486042,0.5906808596103637,0.8376705961425508,1,0,7,2,0.4093191403896365,0.923113300492611,0.9012413793103449
Healthcare,Recycled Paper,Paper,Electronic enclosure,27.46 kg,0.4666666666666667,0.5142857142857142,0.482758620689655,Carbon Catalogue,0.5474994978911427,0.4783798576902025,0.4525005021088573,0.4671020937087382,5,5,1,0,0.5474994978911428,0.4769129720853858,0.47632183908045966
Toys,PLA Bioplastic,Bioplastic,Toy casing,34.67 kg,0.1733333333333333,0.2857142857142857,0.1206896551724137,FootprintData,0.6923076923076923,0.3361029009304872,0.3076923076923077,0.2787488526798872,8,0,8,1,0.6923076923076924,0.26046633825944165,0.14174712643678156
Construction,PLA Bioplastic,Bioplastic,Shipping carton,8.69 kg,0.36,0.5571428571428572,0.5344827586206895,FootprintData,0.1705161679052018,0.4457799671592775,0.8294838320947981,0.5351571364921505,1,0,6,1,0.17051616790520183,0.4463645320197044,0.4646896551724137
Cosmetics,Cotton Fiber,Natural Material,Storage container,39.45 kg,0.4533333333333334,0.9142857142857144,0.4137931034482758,OpenLCA Sample,0.7883109058043783,0.3176135741652983,0.2116890941956217,0.3265521579248058,2,4,7,2,0.7883109058043786,0.3639934318555008,0.4296091954022988
Automotive,Aluminum Foil,Metal,Electronic enclosure,30.56 kg,0.5333333333333334,0.9428571428571428,0.1379310344827586,Sustainability Dataset,0.6097609961839726,0.2428024083196497,0.3902390038160274,0.3741926644726681,0,2,1,3,0.6097609961839727,0.2799343185550083,0.29609195402298855
Packaging,Tin Container,Metal,Medical packaging,16.11 kg,0.3066666666666667,0.8285714285714285,0.603448275862069,OpenLCA Sample,0.3195420767222333,0.3605145046524357,0.6804579232777667,0.4403431788443043,7,2,4,2,0.31954207672223334,0.3983316912972086,0.4847356321839081
Electronics,Kraft Paper,Paper,Food container,11.17 kg,0.2266666666666667,0.2,0.1379310344827586,Sustainability Dataset,0.2203253665394657,0.3881992337164751,0.7796746334605342,0.4571820835247503,3,5,2,3,0.22032536653946574,0.30583908045977015,0.17342528735632184
Packaging,Aluminum Foil,Metal,Food container,9.45 kg,0.8133333333333335,0.6285714285714286,0.7241379310344827,OpenLCA Sample,0.1857802771640891,0.6362999452654625,0.8142197228359109,0.7427858949569583,7,2,2,2,0.18578027716408912,0.6892742200328408,0.759816091954023
Construction,Cornstarch Plastic,Bioplastic,Medical packaging,18.24 kg,0.4000000000000001,0.7285714285714286,0.586206896551724,Carbon Catalogue,0.3623217513556938,0.4192118226600985,0.6376782486443062,0.4789882036573313,1,0,4,0,0.36232175135569383,0.44876847290640387,0.5117241379310344
Furniture,Bamboo Fiber,Natural Fiber,Food container,32.65 kg,0.09333333333333338,0.6000000000000001,0.8620689655172413,Carbon Catalogue,0.6517372966459127,0.4518007662835249,0.3482627033540873,0.3131991175196362,4,3,2,0,0.6517372966459128,0.46216091954022986,0.5545747126436781
Construction,Recycled Paper,Paper,Food container,11.0 kg,0.6533333333333333,0.7,0.9310344827586206,OpenLCA Sample,0.2169110263105041,0.6281226053639847,0.7830889736894959,0.6821757342524426,1,5,2,2,0.21691102631050416,0.6937471264367816,0.8199540229885056
Construction,Tin Container,Metal,Shipping carton,14.8 kg,0.1333333333333334,0.7142857142857142,0.2068965517241379,Sustainability Dataset,0.2932315726049408,0.208648056923919,0.7067684273950592,0.3354897509880854,1,2,6,3,0.29323157260494087,0.19323481116584568,0.17747126436781607
Home Appliances,Cotton Fiber,Natural Material,Packaging box,22.4 kg,0.8933333333333335,0.9285714285714286,0.9310344827586206,Sustainability Dataset,0.445872665193814,0.6319321291735085,0.554127334806186,0.6870110521112593,6,4,5,3,0.44587266519381413,0.7440328407224959,0.9159540229885057
Packaging,Recycled Paper,Paper,Storage container,25.39 kg,0.7733333333333334,0.0,0.6896551724137931,OpenLCA Sample,0.5059248845149628,0.8209961685823756,0.4940751154850372,0.7086210020784615,7,5,7,2,0.5059248845149629,0.7851954022988508,0.7231264367816093
Automotive,Cornstarch Plastic,Bioplastic,Storage container,24.6 kg,0.5466666666666666,0.4999999999999999,0.8448275862068966,FootprintData,0.4900582446274352,0.6304980842911877,0.5099417553725648,0.5691817603282445,0,0,7,1,0.4900582446274353,0.6565977011494253,0.7255632183908046
Automotive,PLA Bioplastic,Bioplastic,Toy casing,8.81 kg,0.5866666666666667,0.8857142857142857,0.4655172413793103,FootprintData,0.172926290419763,0.3888232074438971,0.827073709580237,0.5796513958516298,0,0,8,1,0.17292629041976304,0.44373070607553367,0.5139770114942528
Home Appliances,Cornstarch Plastic,Bioplastic,Shipping carton,20.0 kg,0.05333333333333334,0.5142857142857142,0.9137931034482758,Sustainability Dataset,0.3976702149025909,0.4842802408319649,0.6023297850974092,0.3904110318620088,6,0,6,3,0.397670214902591,0.4839934318555008,0.5696091954022988
Construction,PLA Bioplastic,Bioplastic,Electronic enclosure,10.88 kg,0.7866666666666668,0.2714285714285714,0.3793103448275861,Sustainability Dataset,0.2145009037959429,0.6315161466885605,0.7854990962040571,0.7242561875366413,1,0,1,3,0.21450090379594294,0.6121050903119869,0.5422528735632184
Healthcare,Recycled Cardboard,Cardboard,Storage container,37.6 kg,0.1333333333333334,1.0,0.2241379310344827,Carbon Catalogue,0.7511548503715605,0.1191570881226053,0.2488451496284395,0.162316380137574,5,1,7,0,0.7511548503715607,0.14298850574712646,0.187816091954023
Home Appliances,Kraft Paper,Paper,Storage container,33.14 kg,0.08000000000000002,0.2571428571428571,0.9137931034482758,Sustainability Dataset,0.6615786302470376,0.5788834154351395,0.3384213697529624,0.3570797770999446,6,5,7,3,0.6615786302470377,0.546088669950739,0.5802758620689655
Packaging,Molded Pulp,Paper,Food container,20.74 kg,0.8266666666666669,0.8571428571428572,0.3793103448275861,Carbon Catalogue,0.412532637075718,0.4496113847837986,0.587467362924282,0.6040847627908041,7,5,2,0,0.41253263707571813,0.5109622331691298,0.5582528735632184
Construction,Recycled Paper,Paper,Medical packaging,23.78 kg,0.3866666666666667,0.3285714285714286,0.3103448275862069,Sustainability Dataset,0.4735890741112673,0.4561466885604817,0.5264109258887326,0.4563819531908124,1,5,4,3,0.47358907411126744,0.41309031198686375,0.34087356321839085
Automotive,Aluminum Foil,Metal,Furniture panel,22.42 kg,0.4533333333333334,0.2428571428571428,0.08620689655172409,FootprintData,0.4462743522795742,0.4322276956759715,0.5537256477204258,0.4750087725865163,0,2,3,1,0.4462743522795743,0.3672446633825945,0.23305747126436782
Furniture,Bamboo Fiber,Natural Fiber,Toy casing,1.71 kg,0.7333333333333334,0.2714285714285714,0.2413793103448275,Carbon Catalogue,0.03032737497489455,0.5677613574165298,0.9696726250251054,0.7380063304741435,4,3,8,0,0.030327374974894558,0.5355993431855501,0.4381609195402299
Healthcare,Cotton Fiber,Natural Material,Cosmetic wrap,31.58 kg,0.6933333333333334,0.9714285714285715,0.896551724137931,Sustainability Dataset,0.6302470375577425,0.5394854953475643,0.3697529624422575,0.5347200868717029,5,4,0,3,0.6302470375577426,0.6416683087027916,0.815264367816092
Cosmetics,Cotton Fiber,Natural Material,Furniture panel,49.4 kg,0.6800000000000002,0.7428571428571429,0.2241379310344827,FootprintData,0.9881502309700742,0.3870935960591133,0.01184976902992585,0.3623923691326231,2,4,3,1,0.9881502309700744,0.4130837438423646,0.4064827586206897
Cosmetics,Kraft Paper,Paper,Packaging box,39.72 kg,0.8133333333333335,0.8857142857142857,0.7068965517241379,Sustainability Dataset,0.7937336814621408,0.5448385331143952,0.2062663185378592,0.5238153088071159,2,5,5,3,0.7937336814621411,0.6309490968801315,0.7494712643678161
Automotive,Bamboo Fiber,Natural Fiber,Food container,31.54 kg,0.2266666666666667,0.4857142857142857,0.896551724137931,Carbon Catalogue,0.629443663386222,0.5458347016967706,0.370556336613778,0.3975007816628416,0,3,2,0,0.6294436633862222,0.552144499178982,0.6285977011494253
Construction,Cornstarch Plastic,Bioplastic,Storage container,46.04 kg,0.8266666666666669,0.4571428571428571,0.4655172413793103,OpenLCA Sample,0.9206668005623618,0.6116803503010401,0.07933319943763817,0.5164720999517076,1,0,7,2,0.920666800562362,0.6254449917898195,0.6099770114942529
Electronics,Molded Pulp,Paper,Shipping carton,16.69 kg,0.8266666666666669,0.3857142857142857,0.4310344827586206,OpenLCA Sample,0.3311910022092789,0.6239956212370006,0.668808997790721,0.6982409478320166,3,5,6,2,0.33119100220927894,0.625937602627258,0.5892873563218392
Cosmetics,Recycled Paper,Paper,Storage container,9.24 kg,0.24,0.6857142857142857,0.3275862068965516,Carbon Catalogue,0.1815625627636071,0.2939573070607553,0.8184374372363928,0.43511415399522,2,5,7,0,0.18156256276360713,0.28989162561576354,0.29255172413793096
Cosmetics,Cotton Fiber,Natural Material,Food container,21.17 kg,0.72,0.2142857142857143,0.189655172413793,FootprintData,0.4211689094195621,0.5651231527093596,0.5788310905804379,0.6156985882578753,2,4,2,1,0.4211689094195622,0.5210049261083743,0.4017931034482758
Construction,Bamboo Fiber,Natural Fiber,Medical packaging,7.55 kg,0.0,0.1142857142857143,0.4482758620689655,Sustainability Dataset,0.1476200040168708,0.4446633825944171,0.8523799959831292,0.4335793518327056,1,3,4,3,0.14762000401687084,0.3564532019704434,0.2689655172413793
Automotive,Tin Container,Metal,Medical packaging,29.81 kg,0.6666666666666667,0.7285714285714286,0.7413793103448276,Sustainability Dataset,0.5946977304679654,0.5598248494800219,0.4053022695320346,0.5455206206516192,0,2,4,3,0.5946977304679655,0.6175041050903121,0.7114942528735633
Furniture,Cotton Fiber,Natural Material,Shipping carton,46.91 kg,0.1066666666666667,0.1,0.9137931034482758,Carbon Catalogue,0.9381401887929302,0.6401532567049809,0.06185981120706985,0.3066192460441134,4,4,6,0,0.9381401887929304,0.5881839080459771,0.5909425287356322
Packaging,Recycled Paper,Paper,Medical packaging,7.68 kg,0.6666666666666667,0.7714285714285714,0.6896551724137931,FootprintData,0.1502309700743121,0.5282977558839629,0.8497690299256879,0.6662498113312916,7,5,4,1,0.15023097007431213,0.5882430213464697,0.6804597701149426
Packaging,Bamboo Fiber,Natural Fiber,Storage container,41.4 kg,0.7066666666666668,0.1,0.5689655172413792,Sustainability Dataset,0.8274753966659971,0.7252107279693488,0.1725246033340029,0.5538416721879404,7,3,7,3,0.8274753966659973,0.6902528735632185,0.6240459770114943
Furniture,Tin Container,Metal,Medical packaging,16.76 kg,0.4000000000000001,0.6428571428571428,0.482758620689655,Sustainability Dataset,0.3325969070094397,0.4133004926108375,0.6674030929905603,0.485541124941503,4,2,4,3,0.3325969070094398,0.4245320197044335,0.44965517241379305
Healthcare,Bamboo Fiber,Natural Fiber,Food container,27.8 kg,0.52,0.8714285714285714,0.2241379310344827,Sustainability Dataset,0.554328178349066,0.2909031198686371,0.445671821650934,0.4060627944427351,5,3,2,3,0.5543281783490661,0.3233694581280788,0.34248275862068966
Healthcare,Cornstarch Plastic,Bioplastic,Electronic enclosure,4.53 kg,0.9733333333333334,0.6857142857142857,0.1379310344827586,Sustainability Dataset,0.08696525406708175,0.475183360700602,0.9130347459329182,0.7559837680601162,5,0,1,3,0.08696525406708176,0.5073628899835797,0.47209195402298854
Construction,PLA Bioplastic,Bioplastic,Toy casing,47.91 kg,0.7466666666666668,0.4285714285714285,0.5,Carbon Catalogue,0.9582245430809399,0.606031746031746,0.04177545691906015,0.4789453354884165,1,0,8,0,0.9582245430809401,0.612952380952381,0.5986666666666667
Healthcare,PLA Bioplastic,Bioplastic,Food container,23.6 kg,0.9733333333333334,0.657142857142857,0.982758620689655,Sustainability Dataset,0.4699738903394255,0.7663163656267105,0.5300261096605745,0.7575343791488565,5,0,2,3,0.4699738903394256,0.851008210180624,0.9789885057471264
Packaging,Cotton Fiber,Natural Material,Furniture panel,15.2 kg,0.6533333333333333,0.1142857142857143,0.06896551724137923,Carbon Catalogue,0.3012653143201446,0.5360043787629994,0.6987346856798554,0.6200221572091564,7,4,3,0,0.30126531432014464,0.4660623973727422,0.3027126436781609
Toys,Bamboo Fiber,Natural Fiber,Storage container,6.7 kg,0.52,0.1714285714285714,0.9137931034482758,Sustainability Dataset,0.1305483028720626,0.7541215106732349,0.8694516971279374,0.7184841134076753,8,3,7,3,0.13054830287206262,0.7392315270935961,0.7562758620689656
Packaging,Recycled Paper,Paper,Shipping carton,12.22 kg,0.24,0.1285714285714286,0.3103448275862069,Carbon Catalogue,0.2414139385418759,0.4739244663382594,0.7585860614581241,0.489145604972741,7,5,6,0,0.24141393854187596,0.394423645320197,0.28220689655172415
Packaging,Aluminum Foil,Metal,Furniture panel,28.61 kg,0.48,0.8857142857142857,0.7931034482758621,FootprintData,0.5705965053223538,0.4624630541871921,0.4294034946776462,0.4578062700781707,7,2,3,1,0.570596505322354,0.5320985221674878,0.6678620689655173
Home Appliances,Bamboo Fiber,Natural Fiber,Toy casing,15.36 kg,0.6666666666666667,0.6714285714285715,0.8103448275862069,FootprintData,0.3044788110062261,0.6018609742747674,0.6955211889937739,0.6494007464080391,6,3,8,1,0.30447881100622615,0.6565188834154352,0.7528735632183908
Electronics,Cornstarch Plastic,Bioplastic,Food container,11.71 kg,0.5466666666666666,0.2714285714285714,0.03448275862068961,OpenLCA Sample,0.2311709178549909,0.4365736179529283,0.768829082145009,0.569278171824674,3,0,2,2,0.23117091785499094,0.37817405582922825,0.23935632183908045
Electronics,Recycled Paper,Paper,Electronic enclosure,9.32 kg,0.3333333333333334,0.2714285714285714,0.7413793103448276,OpenLCA Sample,0.1831693111066479,0.6010946907498632,0.8168306888933521,0.5854870829679509,3,5,1,2,0.18316931110664791,0.5755993431855502,0.57816091954023
Healthcare,Bamboo Fiber,Natural Fiber,Electronic enclosure,18.19 kg,0.02666666666666667,0.0,0.2068965517241379,Sustainability Dataset,0.3613175336412934,0.4111877394636015,0.6386824663587065,0.3640798356930526,5,3,1,3,0.36131753364129343,0.29342528735632184,0.1348045977011494
Home Appliances,Recycled Cardboard,Cardboard,Storage container,16.18 kg,0.1066666666666667,0.3142857142857143,0.4137931034482758,Carbon Catalogue,0.320947981522394,0.4020580186097427,0.679052018477606,0.396538812987179,6,1,7,0,0.32094798152239407,0.3453267651888342,0.29094252873563214
Home Appliances,Molded Pulp,Paper,Packaging box,26.73 kg,0.4266666666666667,0.04285714285714287,0.6206896551724137,Carbon Catalogue,0.5328379192608957,0.6681663929939793,0.4671620807391043,0.535415181419323,6,5,5,0,0.5328379192608959,0.6103711001642036,0.5430804597701149
Electronics,Cotton Fiber,Natural Material,Shipping carton,33.16 kg,0.6266666666666667,0.9000000000000001,0.03448275862068961,Carbon Catalogue,0.6619803173327976,0.2537164750957854,0.3380196826672024,0.3908924948384749,3,4,6,0,0.6619803173327977,0.2844597701149425,0.2713563218390805
Packaging,Recycled Paper,Paper,Packaging box,40.73 kg,0.6800000000000002,0.8285714285714285,0.6206896551724137,FootprintData,0.8140188792930306,0.4907060755336618,0.1859811207069694,0.4560767664255556,7,5,5,1,0.8140188792930309,0.5545615763546798,0.6444137931034483
Home Appliances,Molded Pulp,Paper,Electronic enclosure,13.67 kg,0.52,0.8,0.8103448275862069,FootprintData,0.2705362522594899,0.5101149425287356,0.7294637477405101,0.5788851013336473,6,5,1,1,0.27053625225948996,0.5721379310344827,0.6942068965517241
Automotive,Cotton Fiber,Natural Material,Storage container,32.39 kg,0.05333333333333334,0.8571428571428572,0.6206896551724137,FootprintData,0.6465153645310303,0.2722933771209633,0.3534846354689697,0.2309627414890763,0,4,7,1,0.6465153645310304,0.2981806239737274,0.3937471264367815
Automotive,PLA Bioplastic,Bioplastic,Shipping carton,35.13 kg,0.56,0.8428571428571427,0.982758620689655,OpenLCA Sample,0.7015464952801768,0.5666338259441708,0.2984535047198232,0.4841895817936153,0,0,6,2,0.7015464952801769,0.6485320197044335,0.813655172413793
Furniture,Molded Pulp,Paper,Food container,24.6 kg,0.8666666666666667,0.2857142857142857,0.3448275862068966,Sustainability Dataset,0.4900582446274352,0.6419266557197593,0.5099417553725648,0.6697531888996732,4,5,2,3,0.4900582446274353,0.6274548440065683,0.5535632183908046
Electronics,Recycled Paper,Paper,Storage container,44.19 kg,0.16,0.657142857142857,0.7931034482758621,FootprintData,0.883510745129544,0.4319868637110018,0.116489254870456,0.2557415219455375,3,5,7,1,0.8835107451295442,0.44981280788177347,0.5398620689655172
Healthcare,Aluminum Foil,Metal,Medical packaging,28.81 kg,0.8133333333333335,0.6857142857142857,0.3103448275862069,Carbon Catalogue,0.5746133761799558,0.4793212917350849,0.4253866238200442,0.5633445038400472,5,2,4,0,0.5746133761799559,0.5123284072249591,0.5115402298850575
Toys,Cornstarch Plastic,Bioplastic,Toy casing,22.03 kg,0.4666666666666667,0.4857142857142857,0.6206896551724137,Sustainability Dataset,0.4384414541072504,0.5338806787082649,0.5615585458927496,0.5220198352511309,8,0,8,3,0.4384414541072505,0.537799671592775,0.5590804597701149
Electronics,Recycled Cardboard,Cardboard,Medical packaging,11.09 kg,0.7600000000000002,0.5571428571428572,0.2586206896551724,OpenLCA Sample,0.218718618196425,0.4871592775041051,0.7812813818035751,0.6572481255427146,3,1,4,2,0.21871861819642505,0.49601970443349763,0.45917241379310353
Furniture,Tin Container,Metal,Food container,23.76 kg,0.7333333333333334,0.6428571428571428,0.3448275862068966,FootprintData,0.4731873870255071,0.4784345922276957,0.5268126129744929,0.5694176207834262,4,2,2,1,0.4731873870255072,0.5026929392446634,0.5002298850574713
Home Appliances,Tin Container,Metal,Packaging box,29.07 kg,0.3866666666666667,0.8714285714285714,0.0,OpenLCA Sample,0.5798353082948383,0.1717460317460318,0.4201646917051617,0.3107478202099612,6,2,5,2,0.5798353082948384,0.18038095238095242,0.1546666666666667
Toys,Recycled Cardboard,Cardboard,Toy casing,31.32 kg,0.4000000000000001,0.2,0.7586206896551724,OpenLCA Sample,0.6250251054428599,0.6528735632183909,0.3749748945571401,0.4936418936544984,8,1,8,2,0.62502510544286,0.623448275862069,0.6151724137931034
Electronics,Tin Container,Metal,Storage container,25.69 kg,0.7733333333333334,0.8857142857142857,0.2068965517241379,Sustainability Dataset,0.5119501908013657,0.3648385331143952,0.4880498091986343,0.5243503560053484,3,2,7,3,0.5119501908013658,0.41494909688013143,0.43347126436781613
Packaging,Aluminum Foil,Metal,Electronic enclosure,8.38 kg,0.9333333333333336,0.3285714285714286,0.8793103448275861,Sustainability Dataset,0.1642900180759189,0.828024083196497,0.8357099819240812,0.8619226278558232,7,2,1,3,0.16429001807591892,0.8593431855500822,0.9009195402298851
Automotive,Kraft Paper,Paper,Electronic enclosure,9.55 kg,0.09333333333333338,0.8857142857142857,0.7586206896551724,FootprintData,0.1877887125928901,0.32207991242474,0.8122112874071099,0.400495351192029,0,5,1,1,0.18778871259289015,0.36363875205254514,0.49250574712643674
Home Appliances,PLA Bioplastic,Bioplastic,Food container,40.1 kg,0.0,0.7571428571428571,0.4310344827586206,Sustainability Dataset,0.8013657360915846,0.2246305418719211,0.1986342639084154,0.1494424959212931,6,0,2,3,0.8013657360915848,0.22098522167487683,0.2586206896551724
Home Appliances,Recycled Paper,Paper,Shipping carton,13.25 kg,0.9333333333333336,0.9571428571428571,0.01724137931034475,FootprintData,0.2621008234585258,0.3311439518336071,0.7378991765414742,0.6338273336958851,6,5,6,1,0.26210082345852587,0.3888013136288999,0.3836781609195403
Home Appliances,Cornstarch Plastic,Bioplastic,Electronic enclosure,35.18 kg,0.4266666666666667,0.9857142857142858,0.2241379310344827,Carbon Catalogue,0.7025507129945772,0.2216967706622879,0.2974492870054228,0.305913494366542,6,0,1,0,0.7025507129945773,0.26317898193760264,0.30514942528735634
Automotive,Recycled Cardboard,Cardboard,Storage container,10.84 kg,0.0,0.4142857142857143,0.2758620689655171,FootprintData,0.2136975296244225,0.2871921182266009,0.7863024703755774,0.3507675884033136,0,1,7,1,0.21369752962442257,0.227487684729064,0.16551724137931026
Construction,Molded Pulp,Paper,Cosmetic wrap,30.61 kg,0.5333333333333334,0.4714285714285714,0.5172413793103448,Carbon Catalogue,0.6107652138983731,0.5263820470717023,0.3892347861016269,0.487323254659169,1,5,0,0,0.6107652138983732,0.525944170771757,0.5236781609195402
Healthcare,Recycled Paper,Paper,Storage container,22.84 kg,0.5466666666666666,0.2857142857142857,0.5,Carbon Catalogue,0.4547097810805382,0.5869841269841269,0.5452902189194617,0.5623807164694892,5,5,7,0,0.45470978108053833,0.5615238095238095,0.5186666666666666
Cosmetics,Recycled Cardboard,Cardboard,Storage container,19.67 kg,0.0,0.8285714285714285,0.2068965517241379,Sustainability Dataset,0.3910423779875477,0.1261083743842365,0.6089576220124523,0.2331306363574303,2,1,7,3,0.3910423779875478,0.11704433497536948,0.12413793103448273
Healthcare,Cotton Fiber,Natural Material,Toy casing,46.14 kg,0.6000000000000001,0.9857142857142858,0.6379310344827585,Sustainability Dataset,0.9226752359911629,0.4174055829228243,0.07732476400883714,0.3701596623717809,5,4,8,3,0.9226752359911631,0.4980295566502463,0.6227586206896552
Home Appliances,Kraft Paper,Paper,Packaging box,12.0 kg,0.9333333333333336,0.6285714285714286,1.0,Sustainability Dataset,0.2369953805985137,0.7682539682539683,0.7630046194014863,0.8162029731220333,6,5,5,3,0.23699538059851374,0.8476190476190477,0.9733333333333334
Electronics,Aluminum Foil,Metal,Packaging box,2.49 kg,0.6666666666666667,0.1571428571428571,0.7068965517241379,Sustainability Dataset,0.04599317131954208,0.7388067870826491,0.9540068286804579,0.7817247634371971,3,2,5,3,0.04599317131954209,0.7179967159277505,0.6908045977011494
Toys,Recycled Cardboard,Cardboard,Packaging box,25.97 kg,0.2266666666666667,0.1142857142857143,0.8793103448275861,Sustainability Dataset,0.5175738100020084,0.6638970990695128,0.4824261899979916,0.4782866966272026,8,1,5,3,0.5175738100020085,0.6195336617405582,0.6182528735632183
Toys,Kraft Paper,Paper,Cosmetic wrap,17.76 kg,0.52,0.4714285714285714,0.01724137931034475,FootprintData,0.3526812612974493,0.3552709359605912,0.6473187387025507,0.4923039959950017,8,5,0,1,0.35268126129744937,0.3206108374384236,0.21834482758620688
Furniture,Molded Pulp,Paper,Cosmetic wrap,30.38 kg,0.08000000000000002,0.01428571428571429,0.2586206896551724,OpenLCA Sample,0.6061458124121308,0.4414449917898194,0.3938541875878692,0.3187342529922885,4,5,0,2,0.606145812412131,0.33259113300492615,0.18717241379310343
Healthcare,PLA Bioplastic,Bioplastic,Medical packaging,32.53 kg,0.1200000000000001,0.3857142857142857,0.1551724137931034,Carbon Catalogue,0.6493271741313517,0.2964860426929393,0.3506728258686483,0.2597962648377702,5,0,4,0,0.6493271741313518,0.23292610837438427,0.14110344827586208
Furniture,Recycled Paper,Paper,Toy casing,32.0 kg,0.6266666666666667,0.4571428571428571,0.9137931034482758,FootprintData,0.6386824663587065,0.6944389709906952,0.3613175336412935,0.5741708484886661,4,5,8,1,0.6386824663587066,0.7247553366174055,0.7989425287356322
Healthcare,Cornstarch Plastic,Bioplastic,Shipping carton,13.66 kg,0.02666666666666667,0.6285714285714286,0.1206896551724137,Carbon Catalogue,0.2703354087166097,0.1729282977558839,0.7296645912833903,0.2960706964873707,5,0,6,0,0.27033540871660977,0.13322824302134645,0.08308045977011488
Construction,Tin Container,Metal,Toy casing,42.44 kg,0.7600000000000002,0.7857142857142856,0.5172413793103448,OpenLCA Sample,0.8483631251255271,0.4971756978653532,0.1516368748744729,0.4723613416084832,1,2,8,2,0.8483631251255274,0.5537536945812809,0.6143448275862069
Packaging,Kraft Paper,Paper,Cosmetic wrap,44.71 kg,0.8266666666666669,0.5857142857142856,0.3103448275862069,OpenLCA Sample,0.893954609359309,0.5170990695128627,0.106045390640691,0.4866532449973524,7,5,0,2,0.8939546093593093,0.5376617405582924,0.516873563218391
Furniture,Bamboo Fiber,Natural Fiber,Storage container,34.99 kg,0.08000000000000002,0.1714285714285714,0.9482758620689655,OpenLCA Sample,0.6987346856798554,0.6189490968801313,0.3012653143201446,0.361959233048096,4,3,7,2,0.6987346856798555,0.577024630541872,0.6009655172413794
Furniture,Tin Container,Metal,Cosmetic wrap,13.92 kg,0.3333333333333334,0.9857142857142858,0.1206896551724137,FootprintData,0.2755573408314922,0.1561029009304871,0.7244426591685078,0.3797739581227472,4,2,0,1,0.27555734083149225,0.1844663382594417,0.2057471264367816
Furniture,Cotton Fiber,Natural Material,Cosmetic wrap,40.92 kg,0.7466666666666668,0.04285714285714287,0.1206896551724137,Carbon Catalogue,0.8178349066077525,0.6081663929939792,0.1821650933922475,0.521916085215266,4,4,0,0,0.8178349066077527,0.5383711001642036,0.37108045977011495
Toys,Tin Container,Metal,Food container,1.09 kg,0.9600000000000002,0.5714285714285714,0.2068965517241379,FootprintData,0.01787507531632858,0.5318226600985222,0.9821249246836714,0.7953665414445104,8,2,2,1,0.017875075316328582,0.552472906403941,0.5081379310344829
Automotive,PLA Bioplastic,Bioplastic,Packaging box,21.4 kg,0.8133333333333335,0.4,0.5,OpenLCA Sample,0.4257883109058043,0.6377777777777779,0.5742116890941957,0.6713746178393699,0,0,5,2,0.42578831090580443,0.6453333333333334,0.6253333333333334
Healthcare,Molded Pulp,Paper,Toy casing,6.65 kg,0.72,0.02857142857142858,0.4137931034482758,Sustainability Dataset,0.1295440851576622,0.7017405582922823,0.8704559148423379,0.7578329977696143,5,5,8,3,0.12954408515766222,0.6478029556650247,0.5362758620689654
Electronics,Aluminum Foil,Metal,Shipping carton,9.48 kg,0.9333333333333336,0.5428571428571429,0.7758620689655171,FootprintData,0.1863828077927294,0.7221127531472359,0.8136171922072706,0.8129302589210756,3,2,6,1,0.18638280779272942,0.7751067323481118,0.8388505747126438
Healthcare,Cotton Fiber,Natural Material,Shipping carton,19.58 kg,0.1733333333333333,0.9428571428571428,0.05172413793103448,FootprintData,0.3892347861016268,0.09406677613574166,0.6107652138983732,0.2728562746238086,5,4,6,1,0.38923478610162693,0.10145155993431856,0.10036781609195403
Packaging,Aluminum Foil,Metal,Shipping carton,4.95 kg,0.4133333333333334,0.7142857142857142,0.603448275862069,Sustainability Dataset,0.09540068286804579,0.4341652983032294,0.9045993171319542,0.569045914460878,7,2,6,3,0.09540068286804582,0.4638555008210181,0.5274022988505748
Furniture,Kraft Paper,Paper,Medical packaging,37.41 kg,0.05333333333333334,0.3857142857142857,0.1724137931034482,OpenLCA Sample,0.7473388230568386,0.2800109469074986,0.2526611769431614,0.2038027318459479,4,5,4,2,0.7473388230568387,0.21315599343185548,0.12478160919540227
Furniture,Recycled Cardboard,Cardboard,Furniture panel,24.8 kg,0.6000000000000001,0.4,0.6896551724137931,Sustainability Dataset,0.4940751154850371,0.6298850574712644,0.5059248845149629,0.5837314883429947,4,1,3,3,0.4940751154850372,0.6358620689655173,0.6537931034482759
Automotive,Tin Container,Metal,Toy casing,5.45 kg,0.8666666666666667,0.657142857142857,0.103448275862069,Sustainability Dataset,0.1054428600120506,0.4376573617952929,0.8945571399879494,0.7034300867145019,0,2,8,3,0.10544286001205062,0.4566174055829229,0.40873563218390807
Construction,Aluminum Foil,Metal,Storage container,39.84 kg,0.6266666666666667,0.8285714285714285,0.3620689655172413,OpenLCA Sample,0.7961438039767021,0.3867214012041598,0.2038561960232979,0.4038454192886533,1,2,7,2,0.7961438039767024,0.4297799671592775,0.4679080459770115
Home Appliances,Molded Pulp,Paper,Storage container,1.5 kg,0.32,0.3285714285714286,0.2586206896551724,FootprintData,0.02610966057441253,0.4166830870279146,0.9738903394255874,0.5548403366388421,6,5,7,1,0.026109660574412538,0.36573399014778324,0.28317241379310343
Electronics,PLA Bioplastic,Bioplastic,Electronic enclosure,43.18 kg,0.5866666666666667,0.05714285714285713,0.3275862068965516,Carbon Catalogue,0.8632255472986543,0.6190366721401204,0.1367744527013457,0.4646470046664519,3,0,1,0,0.8632255472986545,0.5542725779967159,0.4312183908045977
Cosmetics,Recycled Cardboard,Cardboard,Toy casing,6.94 kg,0.7333333333333334,0.4142857142857143,0.3103448275862069,FootprintData,0.135368547901185,0.5431308155446086,0.864631452098815,0.6966417618474879,2,1,8,1,0.13536854790118502,0.5346141215106733,0.4795402298850575
Furniture,Molded Pulp,Paper,Packaging box,21.83 kg,0.3466666666666667,0.2714285714285714,0.5172413793103448,OpenLCA Sample,0.4344245832496484,0.5308264915161467,0.5655754167503515,0.4860032216315642,4,5,5,2,0.4344245832496485,0.49127750410509036,0.44901149425287357
Home Appliances,Recycled Paper,Paper,Cosmetic wrap,20.83 kg,0.16,0.4285714285714285,0.6896551724137931,OpenLCA Sample,0.4143402289616388,0.4736945812807882,0.5856597710383612,0.4131757638238236,6,5,0,2,0.4143402289616389,0.4541477832512316,0.47779310344827586
Automotive,Recycled Cardboard,Cardboard,Food container,29.0 kg,0.6933333333333334,0.9000000000000001,0.2241379310344827,OpenLCA Sample,0.5784294034946776,0.3391570881226053,0.4215705965053224,0.4701340142006388,0,1,2,2,0.5784294034946778,0.38698850574712645,0.411816091954023
Construction,PLA Bioplastic,Bioplastic,Food container,31.25 kg,0.05333333333333334,0.1428571428571428,0.9655172413793103,FootprintData,0.6236192006426993,0.6253311439518336,0.3763807993573007,0.3790466973879237,1,0,2,1,0.6236192006426994,0.5789688013136289,0.6006436781609195
Furniture,Recycled Paper,Paper,Electronic enclosure,40.34 kg,0.3866666666666667,0.4428571428571429,0.1551724137931034,OpenLCA Sample,0.8061859811207069,0.3663273125342091,0.1938140188792931,0.3206751306774716,4,5,1,2,0.8061859811207072,0.3281642036124795,0.24777011494252874
Healthcare,Kraft Paper,Paper,Shipping carton,17.91 kg,0.5466666666666666,0.7714285714285714,0.896551724137931,FootprintData,0.3556939144406507,0.5572632731253421,0.6443060855593493,0.5801971349179416,5,5,6,1,0.35569391444065074,0.6230016420361248,0.7565977011494253
Construction,Cornstarch Plastic,Bioplastic,Cosmetic wrap,43.16 kg,0.2666666666666667,0.4999999999999999,0.3620689655172413,OpenLCA Sample,0.862823860212894,0.3762452107279693,0.137176139787106,0.2716509262273195,1,0,0,2,0.8628238602128943,0.35149425287356323,0.3239080459770115
Packaging,Cotton Fiber,Natural Material,Packaging box,6.86 kg,0.2666666666666667,0.4999999999999999,0.8103448275862069,Carbon Catalogue,0.1337617995581442,0.5256704980842911,0.8662382004418558,0.5501396593662732,7,4,5,0,0.13376179955814424,0.5308045977011495,0.5928735632183908
Packaging,Kraft Paper,Paper,Toy casing,31.97 kg,0.44,0.4142857142857143,0.1724137931034482,Carbon Catalogue,0.6380799357300662,0.3993760262725779,0.3619200642699338,0.4003264297900113,7,5,8,0,0.6380799357300663,0.36210837438423643,0.27944827586206894
Furniture,Cornstarch Plastic,Bioplastic,Medical packaging,49.62 kg,0.02666666666666667,0.5857142857142856,0.7586206896551724,Carbon Catalogue,0.9925687889134363,0.3998576902025178,0.007431211086563749,0.1701724394069762,4,0,4,0,0.9925687889134365,0.39697208538587847,0.46583908045977007
Home Appliances,Molded Pulp,Paper,Furniture panel,7.87 kg,0.2800000000000001,0.8142857142857143,0.5172413793103448,OpenLCA Sample,0.1540469973890339,0.3276518883415435,0.8459530026109661,0.4688466561199072,6,5,3,2,0.15404699738903394,0.3560394088669951,0.4223448275862069
Packaging,Bamboo Fiber,Natural Fiber,Furniture panel,41.49 kg,0.9733333333333334,0.1142857142857143,0.3275862068965516,FootprintData,0.8292829885519181,0.7288779419813901,0.1707170114480819,0.6347662802269807,7,3,3,1,0.8292829885519183,0.6975106732348112,0.5858850574712643
Home Appliances,Aluminum Foil,Metal,Toy casing,32.04 kg,0.7066666666666668,0.7285714285714286,0.3620689655172413,Sustainability Dataset,0.6394858405302268,0.4467214012041598,0.3605141594697732,0.4988428083225959,6,2,8,3,0.639485840530227,0.4817799671592775,0.49990804597701155
Automotive,Molded Pulp,Paper,Toy casing,37.02 kg,0.9600000000000002,0.8428571428571427,0.482758620689655,Carbon Catalogue,0.7395059248845149,0.5333004926108375,0.2604940751154851,0.5794684195789805,0,5,8,0,0.739505924884515,0.6085320197044336,0.6736551724137931
Healthcare,Aluminum Foil,Metal,Food container,4.18 kg,0.32,0.4428571428571429,0.7413793103448276,FootprintData,0.07993573006627835,0.5395073891625616,0.9200642699337216,0.5878222366451411,5,2,2,1,0.07993573006627837,0.5359802955665025,0.5728275862068966
Furniture,Recycled Paper,Paper,Cosmetic wrap,8.57 kg,0.8800000000000001,0.8428571428571427,0.3103448275862069,OpenLCA Sample,0.1681060453906407,0.4491625615763548,0.8318939546093593,0.6932332110133497,4,5,0,2,0.16810604539064072,0.5075665024630543,0.5382068965517243
Electronics,Cotton Fiber,Natural Material,Electronic enclosure,28.08 kg,0.9200000000000002,0.8285714285714285,0.0,Carbon Catalogue,0.5599517975497087,0.3638095238095239,0.4400482024502913,0.5535382702588969,3,4,1,0,0.5599517975497088,0.4022857142857144,0.3680000000000001
Construction,Tin Container,Metal,Packaging box,49.96 kg,0.3466666666666667,0.0,0.4482758620689655,FootprintData,0.9993974693713598,0.5983141762452108,0.000602530628640241,0.3435064296866764,1,2,5,1,0.99939746937136,0.517977011494253,0.407632183908046
Toys,Molded Pulp,Paper,Food container,34.3 kg,0.56,0.9285714285714286,0.7758620689655171,Sustainability Dataset,0.6848764812211287,0.4690968801313629,0.3151235187788713,0.4501758076862066,8,5,2,3,0.6848764812211288,0.5486305418719211,0.6895172413793103
Furniture,Recycled Paper,Paper,Storage container,18.31 kg,0.1466666666666667,0.2,0.8448275862068966,OpenLCA Sample,0.3637276561558545,0.5971647509578545,0.6362723438441455,0.4737476035363855,4,5,7,2,0.36372765615585456,0.5565977011494254,0.5655632183908046
Automotive,Molded Pulp,Paper,Food container,28.0 kg,0.01333333333333336,0.7,0.9137931034482758,OpenLCA Sample,0.5583450492066679,0.4090421455938698,0.4416549507933321,0.3001133434755475,0,5,2,2,0.558345049206668,0.4308505747126437,0.5536091954022988
Home Appliances,Recycled Cardboard,Cardboard,Food container,28.0 kg,0.8666666666666667,0.5285714285714285,0.6206896551724137,Sustainability Dataset,0.5583450492066679,0.652928297755884,0.4416549507933321,0.6536678043403532,6,1,2,3,0.558345049206668,0.6892282430213464,0.7190804597701148
Packaging,Tin Container,Metal,Food container,9.16 kg,0.1866666666666667,0.05714285714285713,0.3620689655172413,OpenLCA Sample,0.1799558144205664,0.4971975916803503,0.8200441855794336,0.5008922923459702,7,2,2,2,0.17995581442056643,0.4080656814449918,0.2919080459770115
Packaging,PLA Bioplastic,Bioplastic,Furniture panel,47.66 kg,0.5733333333333335,0.8428571428571427,0.396551724137931,Sustainability Dataset,0.9532034545089374,0.3756759715380406,0.0467965454910626,0.3363093522625351,7,0,3,3,0.9532034545089376,0.41938259441707726,0.467264367816092
Home Appliances,Kraft Paper,Paper,Electronic enclosure,40.63 kg,0.8266666666666669,0.8571428571428572,0.5,FootprintData,0.8120104438642297,0.4898412698412699,0.1879895561357703,0.5003333747772392,6,5,1,1,0.8120104438642299,0.5592380952380954,0.6306666666666667
Automotive,Cotton Fiber,Natural Material,Cosmetic wrap,10.99 kg,0.8933333333333335,0.6714285714285715,0.5689655172413792,OpenLCA Sample,0.216710182767624,0.5969567597153804,0.783289817232376,0.7417696490558651,0,4,0,2,0.21671018276762405,0.6506338259441709,0.698712643678161
Construction,Cotton Fiber,Natural Material,Packaging box,45.65 kg,0.09333333333333338,0.9142857142857144,0.982758620689655,Sustainability Dataset,0.912833902390038,0.3872687465790913,0.08716609760996197,0.2090573279146252,1,4,5,3,0.9128339023900383,0.4475796387520525,0.6269885057471263
Electronics,Aluminum Foil,Metal,Toy casing,23.07 kg,0.5866666666666667,0.6857142857142857,0.8275862068965516,Sustainability Dataset,0.4593291825667805,0.5761795292829776,0.5406708174332195,0.5686730569431568,3,2,8,3,0.4593291825667806,0.6285582922824302,0.7312183908045976
Home Appliances,Bamboo Fiber,Natural Fiber,Electronic enclosure,43.87 kg,0.7466666666666668,0.0,1.0,OpenLCA Sample,0.8770837517573808,0.9155555555555557,0.1229162482426192,0.627097096695008,6,3,1,2,0.8770837517573811,0.8986666666666667,0.8986666666666667
Automotive,Cotton Fiber,Natural Material,Medical packaging,23.48 kg,0.7866666666666668,0.7428571428571429,0.7413793103448276,Carbon Catalogue,0.4675637678248644,0.5950629447181172,0.5324362321751356,0.6337560475397876,0,4,4,0,0.46756376782486453,0.6626469622331692,0.7594942528735633
Healthcare,Tin Container,Metal,Packaging box,20.42 kg,0.7866666666666668,0.7714285714285714,0.05172413793103448,Carbon Catalogue,0.406105643703555,0.3556540777230433,0.593894356296445,0.5564299379781509,5,2,5,0,0.4061056437035551,0.3810706075533663,0.34570114942528746
Toys,Kraft Paper,Paper,Furniture panel,13.68 kg,0.9200000000000002,0.4428571428571429,0.3275862068965516,Sustainability Dataset,0.2707370958023699,0.601576354679803,0.7292629041976301,0.7354094131312102,8,5,3,3,0.27073709580236993,0.6104630541871922,0.5645517241379311
Construction,Tin Container,Metal,Storage container,24.97 kg,1.0,0.5571428571428572,0.396551724137931,OpenLCA Sample,0.4974894557139987,0.613136288998358,0.5025105442860013,0.6960076788851437,1,2,7,2,0.49748945571399883,0.6471921182266009,0.6379310344827587
Automotive,Bamboo Fiber,Natural Fiber,Cosmetic wrap,44.66 kg,0.0,0.5285714285714285,0.3448275862068966,Sustainability Dataset,0.8929503916449085,0.2720853858784893,0.1070496083550915,0.1409490368579232,0,3,0,3,0.8929503916449087,0.23221674876847295,0.20689655172413793
Cosmetics,Bamboo Fiber,Natural Fiber,Medical packaging,30.06 kg,0.09333333333333338,0.657142857142857,0.4137931034482758,Carbon Catalogue,0.5997188190399678,0.283327859879584,0.4002811809600322,0.2614154982398433,2,3,4,0,0.5997188190399679,0.2714220032840723,0.2856091954022988
Construction,Bamboo Fiber,Natural Fiber,Shipping carton,38.47 kg,0.5066666666666668,0.3142857142857143,0.293103448275862,Sustainability Dataset,0.7686282386021288,0.4951614668856048,0.2313717613978712,0.4194761151736033,1,3,6,3,0.768628238602129,0.45705090311986873,0.3785287356321839
Home Appliances,Recycled Cardboard,Cardboard,Cosmetic wrap,19.47 kg,0.24,0.4571428571428571,0.9310344827586206,FootprintData,0.3870255071299457,0.5712972085385878,0.6129744928700542,0.4844112312764514,6,1,0,1,0.3870255071299458,0.5769852216748768,0.6546206896551723
Healthcare,Recycled Cardboard,Cardboard,Furniture panel,1.16 kg,0.2266666666666667,0.6857142857142857,0.293103448275862,FootprintData,0.01928098011648925,0.2780186097427477,0.9807190198835107,0.4734231498621523,5,1,3,1,0.019280980116489252,0.27076518883415435,0.2665287356321839
Furniture,Cornstarch Plastic,Bioplastic,Cosmetic wrap,48.0 kg,0.7733333333333334,0.6714285714285715,0.7586206896551724,Sustainability Dataset,0.9600321349668607,0.6201751505199781,0.03996786503313932,0.492060419717933,4,0,0,3,0.9600321349668609,0.6784958949096881,0.7645057471264368
Electronics,Recycled Paper,Paper,Shipping carton,45.35 kg,0.3333333333333334,0.4,0.5172413793103448,FootprintData,0.9068085961036352,0.4835249042145595,0.09319140389636482,0.3213673828547333,3,5,6,1,0.9068085961036354,0.4602298850574713,0.44367816091954027
Electronics,Tin Container,Metal,Food container,22.46 kg,0.9733333333333334,0.01428571428571429,0.8620689655172413,Sustainability Dataset,0.4470777264510946,0.9403721948549535,0.5529222735489054,0.8340255600066531,3,2,2,3,0.4470777264510947,0.9313037766830871,0.9065747126436781
Construction,Cornstarch Plastic,Bioplastic,Electronic enclosure,33.45 kg,0.2,0.3571428571428572,0.01724137931034475,Sustainability Dataset,0.6678047800763205,0.2866995073891625,0.3321952199236795,0.2743383689327689,1,0,1,3,0.6678047800763206,0.21546798029556646,0.09034482758620686
Cosmetics,Molded Pulp,Paper,Storage container,6.1 kg,0.7866666666666668,0.8714285714285714,0.7758620689655171,Sustainability Dataset,0.1184976902992569,0.5637000547345375,0.8815023097007432,0.7259307148040379,2,5,7,3,0.11849769029925693,0.6507257799671593,0.780183908045977
Construction,Tin Container,Metal,Medical packaging,23.46 kg,0.4533333333333334,0.2,0.603448275862069,Sustainability Dataset,0.4671620807391042,0.6189272030651342,0.5328379192608959,0.5434222570043225,1,2,4,3,0.4671620807391043,0.582712643678161,0.5434022988505748
Construction,Recycled Cardboard,Cardboard,Shipping carton,14.09 kg,0.6933333333333334,0.6714285714285715,0.2586206896551724,Carbon Catalogue,0.2789716810604539,0.4268418171866448,0.7210283189395461,0.5950452225565217,1,1,6,0,0.27897168106045395,0.44649589490968805,0.4325057471264368
Furniture,Kraft Paper,Paper,Toy casing,43.67 kg,0.2666666666666667,0.2,0.1206896551724137,Sustainability Dataset,0.873066880899779,0.3957854406130268,0.126933119100221,0.276394111975277,4,5,8,3,0.8730668808997792,0.3149425287356322,0.17908045977011489
Electronics,Cornstarch Plastic,Bioplastic,Furniture panel,10.58 kg,1.0,0.1857142857142857,0.482758620689655,FootprintData,0.20847559750954,0.7656814449917899,0.79152440249046,0.843729898743854,3,0,3,1,0.20847559750954006,0.755960591133005,0.689655172413793
Packaging,Molded Pulp,Paper,Shipping carton,5.57 kg,0.16,0.5428571428571429,0.6379310344827585,Sustainability Dataset,0.1078529825266118,0.4183579638752051,0.8921470174733882,0.4829872907920985,7,5,6,3,0.10785298252661182,0.4106009852216748,0.44675862068965505
Construction,Molded Pulp,Paper,Medical packaging,35.05 kg,0.2666666666666667,0.5285714285714285,0.1551724137931034,OpenLCA Sample,0.6999397469371359,0.2977558839627805,0.3000602530628641,0.2891204295039714,1,5,4,2,0.699939746937136,0.2630213464696224,0.19977011494252872
Construction,Bamboo Fiber,Natural Fiber,Furniture panel,20.68 kg,0.06666666666666671,0.3714285714285714,0.8275862068965516,Carbon Catalogue,0.4113275758184374,0.5076081007115489,0.5886724241815626,0.3996449675390884,1,3,3,0,0.4113275758184375,0.4834154351395731,0.5232183908045976
Toys,Bamboo Fiber,Natural Fiber,Toy casing,49.86 kg,0.44,0.6857142857142857,0.5517241379310345,Sustainability Dataset,0.9973890339425587,0.4353366174055829,0.002610966057441266,0.3069179367794655,8,3,8,3,0.997389033942559,0.45954679802955667,0.5070344827586207
Electronics,Kraft Paper,Paper,Cosmetic wrap,45.44 kg,0.8133333333333335,0.1142857142857143,0.9655172413793103,OpenLCA Sample,0.908616187989556,0.8881882868089764,0.09138381201044399,0.6266904583267238,3,5,0,2,0.9086161879895562,0.8886830870279147,0.9046436781609195
Toys,Molded Pulp,Paper,Toy casing,45.74 kg,0.7066666666666668,0.6428571428571428,0.2241379310344827,Carbon Catalogue,0.914641494275959,0.4293158182813355,0.08535850572404102,0.4093338790297466,8,5,8,0,0.9146414942759592,0.44375041050903125,0.4171494252873563
Home Appliances,Molded Pulp,Paper,Cosmetic wrap,25.83 kg,0.8666666666666667,0.5857142857142856,0.603448275862069,OpenLCA Sample,0.514762000401687,0.6281335522714834,0.485237999598313,0.6568248207880873,6,5,0,2,0.5147620004016871,0.6709031198686372,0.708735632183908
Home Appliances,Molded Pulp,Paper,Shipping carton,30.36 kg,0.52,0.9142857142857144,0.8793103448275861,OpenLCA Sample,0.6057441253263707,0.4950082101806239,0.3942558746736293,0.4722800464743384,6,5,6,2,0.6057441253263708,0.5768669950738916,0.7355862068965517
Toys,Kraft Paper,Paper,Electronic enclosure,35.9 kg,0.3333333333333334,0.7285714285714286,0.3448275862068966,Carbon Catalogue,0.7170114480819441,0.3165298303229338,0.2829885519180559,0.3115084977045903,8,5,1,0,0.7170114480819442,0.3255500821018063,0.3402298850574713
Electronics,Tin Container,Metal,Medical packaging,26.24 kg,0.36,0.2,0.5689655172413792,OpenLCA Sample,0.5229965856597709,0.5763218390804598,0.4770034143402291,0.4816297599342526,3,2,4,2,0.522996585659771,0.5315862068965518,0.4853793103448275
Construction,Bamboo Fiber,Natural Fiber,Storage container,26.26 kg,0.06666666666666671,0.4999999999999999,0.1724137931034482,FootprintData,0.5233982727455312,0.2463601532567049,0.4766017272544688,0.2615245794790226,1,3,7,1,0.5233982727455313,0.195632183908046,0.13011494252873562
Packaging,Molded Pulp,Paper,Cosmetic wrap,46.53 kg,0.02666666666666667,0.3571428571428572,0.08620689655172409,OpenLCA Sample,0.9305081341634865,0.2519102353585111,0.06949186583651346,0.1296116538943585,7,5,0,2,0.9305081341634868,0.17372085385878486,0.06239080459770112
Automotive,PLA Bioplastic,Bioplastic,Food container,26.27 kg,0.05333333333333334,0.3285714285714286,0.5,OpenLCA Sample,0.5235991162884113,0.4082539682539683,0.4764008837115887,0.322221852415064,0,0,2,2,0.5235991162884114,0.3556190476190476,0.3213333333333333
Construction,Cotton Fiber,Natural Material,Cosmetic wrap,25.96 kg,0.3333333333333334,0.6285714285714286,0.3103448275862069,FootprintData,0.5173729664591283,0.3383689107827039,0.4826270335408717,0.3801356743753431,1,4,0,1,0.5173729664591284,0.33175697865353043,0.31954022988505754
Cosmetics,Cornstarch Plastic,Bioplastic,Furniture panel,19.92 kg,0.2266666666666667,0.3142857142857143,0.9482758620689655,Sustainability Dataset,0.3960634665595501,0.6202189381499726,0.6039365334404498,0.497268535292124,2,0,3,3,0.3960634665595502,0.6071198686371101,0.659632183908046
Furniture,Cotton Fiber,Natural Material,Storage container,26.31 kg,0.1200000000000001,0.8285714285714285,0.8275862068965516,OpenLCA Sample,0.5244024904599316,0.3730049261083744,0.4755975095400684,0.3278812233053703,4,4,7,2,0.5244024904599317,0.41332019704433504,0.544551724137931
Healthcare,Bamboo Fiber,Natural Fiber,Packaging box,8.48 kg,0.5066666666666668,0.2,0.1379310344827586,OpenLCA Sample,0.1662984535047198,0.4815325670498085,0.8337015464952802,0.5947234907685075,5,3,5,2,0.16629845350471983,0.4178390804597702,0.2854252873563219
Construction,Molded Pulp,Paper,Furniture panel,3.51 kg,0.6933333333333334,0.9142857142857144,0.5172413793103448,OpenLCA Sample,0.0664792126933119,0.4320963327859879,0.9335207873066881,0.6608947693064016,1,5,3,2,0.06647921269331192,0.5013727422003285,0.5876781609195403
Healthcare,Molded Pulp,Paper,Cosmetic wrap,36.85 kg,0.4933333333333333,0.1857142857142857,0.1206896551724137,Carbon Catalogue,0.7360915846555532,0.4761029009304871,0.2639084153444468,0.4176136849755289,5,5,0,0,0.7360915846555534,0.4084663382594417,0.26974712643678156
Furniture,Aluminum Foil,Metal,Medical packaging,34.89 kg,0.1866666666666667,0.8714285714285714,0.2586206896551724,Carbon Catalogue,0.6967262502510544,0.1912862616310892,0.3032737497489456,0.2234966295771194,4,2,4,0,0.6967262502510545,0.20382922824302135,0.2298390804597701
Packaging,Kraft Paper,Paper,Electronic enclosure,29.07 kg,0.3866666666666667,0.02857142857142858,0.1206896551724137,Sustainability Dataset,0.5798353082948383,0.4929282977558839,0.4201646917051617,0.4392207266139021,7,5,1,3,0.5798353082948384,0.39722824302134646,0.22708045977011493
Packaging,Bamboo Fiber,Natural Fiber,Electronic enclosure,13.33 kg,0.4133333333333334,0.8571428571428572,0.7241379310344827,Carbon Catalogue,0.2637075718015666,0.4267761357416529,0.7362924281984334,0.5155981827561912,7,3,1,0,0.2637075718015667,0.48355993431855504,0.599816091954023
Packaging,Recycled Cardboard,Cardboard,Shipping carton,43.85 kg,0.2,0.9857142857142858,0.3448275862068966,OpenLCA Sample,0.8766820646716208,0.1863711001642036,0.1233179353283792,0.1715438206641952,7,1,6,2,0.876682064671621,0.2207881773399015,0.28689655172413797
Automotive,Tin Container,Metal,Storage container,12.36 kg,0.7600000000000002,0.6000000000000001,0.982758620689655,Sustainability Dataset,0.2442257481421972,0.7142528735632183,0.7557742518578028,0.7404334249826282,0,2,7,3,0.24422574814219725,0.7771034482758621,0.8936551724137931
Home Appliances,Recycled Paper,Paper,Packaging box,49.25 kg,0.2933333333333334,0.9857142857142858,0.08620689655172409,OpenLCA Sample,0.9851375778268728,0.1312753147235906,0.01486242217312717,0.1449688525413744,6,5,5,2,0.9851375778268731,0.15467323481116582,0.16905747126436782
Construction,PLA Bioplastic,Bioplastic,Cosmetic wrap,2.85 kg,0.9600000000000002,0.9571428571428571,0.9310344827586206,Carbon Catalogue,0.05322353886322555,0.6446305418719213,0.9467764611367745,0.8298851550898009,1,0,0,0,0.05322353886322556,0.7649852216748769,0.9426206896551724
Packaging,PLA Bioplastic,Bioplastic,Shipping carton,36.58 kg,0.7866666666666668,0.5428571428571429,0.2758620689655171,OpenLCA Sample,0.7306688089977906,0.5065571975916804,0.2693311910022094,0.5194222363373351,7,0,6,2,0.7306688089977907,0.516440065681445,0.480183908045977
Furniture,Tin Container,Metal,Toy casing,43.37 kg,0.01333333333333336,0.6857142857142857,0.6724137931034482,OpenLCA Sample,0.867041574613376,0.333344280240832,0.1329584253866239,0.17722523971232,4,2,8,2,0.8670415746133763,0.33715599343185554,0.40878160919540224
Toys,Molded Pulp,Paper,Shipping carton,25.56 kg,0.6800000000000002,0.5428571428571429,0.9310344827586206,OpenLCA Sample,0.5093392247439245,0.689392446633826,0.4906607752560755,0.6269552112303531,8,5,6,2,0.5093392247439246,0.7358423645320198,0.8306206896551724
Furniture,Recycled Cardboard,Cardboard,Food container,27.92 kg,0.32,0.6000000000000001,0.2758620689655171,OpenLCA Sample,0.5567383008636272,0.3319540229885057,0.4432616991363728,0.3617601189363141,4,1,2,2,0.5567383008636273,0.31834482758620686,0.29351724137931023
Electronics,Cotton Fiber,Natural Material,Packaging box,7.8 kg,0.8533333333333335,0.2285714285714286,0.7241379310344827,FootprintData,0.1526410925888732,0.7829666119321291,0.8473589074111267,0.8233943169961897,3,4,5,1,0.15264109258887323,0.7852742200328408,0.775816091954023
Toys,Bamboo Fiber,Natural Fiber,Furniture panel,39.16 kg,0.2666666666666667,0.8285714285714285,0.5344827586206895,FootprintData,0.7824864430608555,0.3241926655719758,0.2175135569391445,0.2749311333105337,8,3,3,1,0.7824864430608557,0.35474548440065684,0.4273563218390804
Home Appliances,Tin Container,Metal,Cosmetic wrap,24.85 kg,0.0,0.3142857142857143,0.7758620689655171,FootprintData,0.4950793331994376,0.487192118226601,0.5049206668005624,0.3463530473308091,6,2,0,1,0.4950793331994377,0.447487684729064,0.4655172413793103
Construction,Recycled Cardboard,Cardboard,Electronic enclosure,20.86 kg,0.72,0.8714285714285714,0.982758620689655,FootprintData,0.4149427595902791,0.6104433497536945,0.585057240409721,0.6356945120243941,1,1,1,1,0.4149427595902792,0.7068177339901477,0.8776551724137929
Toys,PLA Bioplastic,Bioplastic,Furniture panel,8.21 kg,0.48,0.3571428571428572,0.2068965517241379,Sustainability Dataset,0.1608756778469572,0.4432512315270936,0.8391243221530428,0.5730377892567503,8,0,3,3,0.16087567784695722,0.40333004926108373,0.31613793103448273
Furniture,Cornstarch Plastic,Bioplastic,Toy casing,45.99 kg,0.2,0.2714285714285714,0.01724137931034475,OpenLCA Sample,0.9196625828479614,0.3152709359605911,0.08033741715203857,0.2102095995298481,4,0,8,2,0.9196625828479617,0.23261083743842365,0.09034482758620686
Toys,Aluminum Foil,Metal,Storage container,11.07 kg,0.1466666666666667,0.3,0.1379310344827586,OpenLCA Sample,0.2183169311106648,0.3281992337164751,0.7816830688893353,0.4097846141533906,8,2,7,2,0.21831693111066486,0.2538390804597701,0.14142528735632184
Toys,PLA Bioplastic,Bioplastic,Storage container,49.42 kg,0.1200000000000001,0.1428571428571428,0.9655172413793103,Carbon Catalogue,0.9885519180558344,0.6475533661740559,0.01144808194416558,0.2984557710528721,8,0,7,0,0.9885519180558346,0.6056354679802957,0.6273103448275862
Toys,Recycled Paper,Paper,Food container,3.65 kg,0.3466666666666667,0.2571428571428571,0.2241379310344827,Carbon Catalogue,0.06929102229363325,0.4378872468527641,0.9307089777063667,0.5583675920530157,8,5,2,0,0.06929102229363326,0.37689326765188835,0.2731494252873563
Healthcare,Recycled Paper,Paper,Toy casing,48.42 kg,1.0,0.5857142857142856,0.103448275862069,FootprintData,0.9684675637678248,0.5059113300492611,0.03153243623217517,0.511824262889357,5,5,8,1,0.9684675637678251,0.5242364532019705,0.4620689655172414
Construction,Tin Container,Metal,Food container,33.95 kg,0.5866666666666667,0.5142857142857142,0.08620689655172409,Carbon Catalogue,0.6778469572203254,0.3861959496442255,0.3221530427796746,0.4271242926915926,1,2,2,0,0.6778469572203255,0.36629228243021345,0.28639080459770117
Automotive,Molded Pulp,Paper,Shipping carton,21.96 kg,0.2666666666666667,0.5571428571428572,0.6551724137931034,FootprintData,0.4370355493070898,0.4548987411056376,0.5629644506929102,0.4308488316501282,0,5,6,1,0.43703554930708993,0.45730706075533667,0.4997701149425287
Home Appliances,Kraft Paper,Paper,Shipping carton,16.74 kg,0.7733333333333334,0.3285714285714286,0.1551724137931034,FootprintData,0.3321952199236794,0.5333114395183362,0.6678047800763206,0.6456660098302306,6,5,6,1,0.33219521992367945,0.5056880131362891,0.40243678160919544
Electronics,PLA Bioplastic,Bioplastic,Cosmetic wrap,25.04 kg,0.9733333333333334,0.2,0.5517241379310345,Carbon Catalogue,0.4988953605141594,0.7750191570881227,0.5011046394858406,0.7523390546810013,3,0,0,0,0.4988953605141595,0.7700229885057471,0.720367816091954
Toys,Cotton Fiber,Natural Material,Furniture panel,41.46 kg,0.04000000000000004,0.8571428571428572,0.2413793103448275,OpenLCA Sample,0.8286804579232777,0.1414121510673234,0.1713195420767223,0.1199607230499461,8,4,3,2,0.8286804579232779,0.14112315270935957,0.16082758620689652
Construction,Aluminum Foil,Metal,Medical packaging,44.89 kg,0.2,0.6428571428571428,0.9310344827586206,OpenLCA Sample,0.8975697931311508,0.4960591133004926,0.1024302068688492,0.2891527073808518,1,2,4,2,0.897569793131151,0.5238423645320197,0.6386206896551723
Home Appliances,Tin Container,Metal,Shipping carton,21.26 kg,0.2,0.08571428571428572,0.8620689655172413,Sustainability Dataset,0.422976501305483,0.6587848932676519,0.577023498694517,0.4966210069154158,6,2,6,3,0.4229765013054831,0.6076847290640395,0.5972413793103448
Toys,Recycled Cardboard,Cardboard,Medical packaging,36.76 kg,0.2533333333333334,0.9285714285714286,0.4482758620689655,FootprintData,0.7342839927696324,0.2576792556102901,0.2657160072303676,0.2587865044132263,8,1,4,1,0.7342839927696325,0.2949293924466339,0.3702988505747127
Healthcare,PLA Bioplastic,Bioplastic,Cosmetic wrap,2.05 kg,0.5466666666666666,0.02857142857142858,0.9137931034482758,OpenLCA Sample,0.03715605543281783,0.8106294471811712,0.9628439445671821,0.7771049622426232,5,0,0,2,0.03715605543281784,0.7784696223316913,0.7669425287356322
Toys,Cornstarch Plastic,Bioplastic,Storage container,17.72 kg,0.4266666666666667,0.4857142857142857,0.4655172413793103,Carbon Catalogue,0.3518778871259288,0.4688232074438971,0.6481221128740712,0.5099659168397802,8,0,7,0,0.3518778871259289,0.4597307060755337,0.44997701149425284
Toys,Tin Container,Metal,Storage container,41.24 kg,0.5466666666666666,0.8714285714285714,0.0,Carbon Catalogue,0.8242618999799156,0.2250793650793651,0.1757381000200844,0.3067531760377713,8,2,7,0,0.8242618999799158,0.2443809523809524,0.21866666666666668
Toys,Recycled Cardboard,Cardboard,Cosmetic wrap,23.38 kg,0.2133333333333334,0.1285714285714286,0.0,Carbon Catalogue,0.4655553323960634,0.3615873015873016,0.5344446676039366,0.3689683209161016,8,1,0,0,0.4655553323960635,0.25961904761904764,0.08533333333333337
Electronics,Aluminum Foil,Metal,Electronic enclosure,6.95 kg,0.8933333333333335,0.7,0.3448275862068966,Carbon Catalogue,0.135569391444065,0.51272030651341,0.864430608555935,0.7324173051721445,3,2,1,0,0.13556939144406502,0.5552643678160921,0.5642298850574714
Cosmetics,Aluminum Foil,Metal,Packaging box,6.25 kg,0.8266666666666669,0.1714285714285714,0.7241379310344827,Carbon Catalogue,0.1215103434424583,0.7931253420908594,0.8784896565575416,0.8287970338036064,2,2,5,0,0.12151034344245833,0.7860361247947456,0.7651494252873563
Home Appliances,Aluminum Foil,Metal,Storage container,6.9 kg,0.4533333333333334,0.7714285714285714,0.6896551724137931,FootprintData,0.1345651737296646,0.4571866447728517,0.8654348262703354,0.5785051057902413,6,2,7,1,0.13456517372966462,0.5029096880131364,0.5951264367816093
Home Appliances,Cornstarch Plastic,Bioplastic,Furniture panel,30.48 kg,0.1733333333333333,0.9285714285714286,0.7758620689655171,OpenLCA Sample,0.6081542478409319,0.340207991242474,0.3918457521590681,0.30563692214471,6,0,3,2,0.608154247840932,0.3939638752052545,0.5348505747126436
Toys,Aluminum Foil,Metal,Medical packaging,28.46 kg,0.3866666666666667,0.7,0.3103448275862069,Sustainability Dataset,0.5675838521791524,0.3323371647509579,0.4324161478208476,0.3786597102466374,8,2,4,3,0.5675838521791525,0.33880459770114946,0.34087356321839085
Automotive,Cornstarch Plastic,Bioplastic,Medical packaging,9.89 kg,0.8400000000000001,0.4714285714285714,0.3620689655172413,OpenLCA Sample,0.1946173930508134,0.5768801313628901,0.8053826069491866,0.724366834629912,0,0,4,2,0.19461739305081346,0.5865418719211823,0.5532413793103449
Packaging,Cornstarch Plastic,Bioplastic,Medical packaging,24.24 kg,0.6666666666666667,0.5714285714285714,0.8103448275862069,OpenLCA Sample,0.4828278770837517,0.6351943076081007,0.5171721229162483,0.6092293599181147,7,0,4,2,0.4828278770837518,0.6765188834154352,0.7528735632183908
Automotive,Kraft Paper,Paper,Medical packaging,8.23 kg,0.0,0.7,0.01724137931034475,Sustainability Dataset,0.1612773649327174,0.1057471264367816,0.8387226350672826,0.2939156410948974,0,5,4,3,0.16127736493271744,0.06689655172413791,0.01034482758620685
Packaging,Aluminum Foil,Metal,Packaging box,48.24 kg,0.8266666666666669,0.6142857142857143,0.7758620689655171,Carbon Catalogue,0.9648523799959831,0.6627476737821566,0.03514762000401694,0.5236433555140678,7,2,5,0,0.9648523799959833,0.7181543513957308,0.796183908045977
Packaging,Kraft Paper,Paper,Medical packaging,34.66 kg,0.32,0.7857142857142856,0.6379310344827585,Sustainability Dataset,0.6921068487648121,0.3907389162561576,0.3078931512351879,0.3446635118730195,7,5,4,3,0.6921068487648122,0.4260295566502463,0.510758620689655
Packaging,Bamboo Fiber,Natural Fiber,Toy casing,9.45 kg,0.4533333333333334,0.4285714285714285,0.3103448275862069,Sustainability Dataset,0.1857802771640891,0.4450355774493706,0.8142197228359109,0.5582801478305215,7,3,8,3,0.18578027716408912,0.41975697865353045,0.3675402298850575
Toys,Bamboo Fiber,Natural Fiber,Electronic enclosure,34.25 kg,0.3333333333333334,0.2714285714285714,0.5517241379310345,Carbon Catalogue,0.6838722635067283,0.5378762999452655,0.3161277364932717,0.4099888409260878,8,3,1,0,0.6838722635067284,0.49973727422003295,0.4643678160919541
Healthcare,Kraft Paper,Paper,Furniture panel,4.67 kg,0.8666666666666667,0.8142857142857143,0.9655172413793103,Carbon Catalogue,0.08977706366740308,0.6726327312534209,0.9102229363325969,0.8021199734011475,5,5,3,0,0.0897770636674031,0.770016420361248,0.9259770114942528
Home Appliances,Recycled Paper,Paper,Food container,49.77 kg,0.9200000000000002,0.5857142857142856,0.6206896551724137,Carbon Catalogue,0.9955814420566379,0.6516584564860427,0.0044185579433621,0.5379889499774257,6,5,2,0,0.9955814420566381,0.6991330049261084,0.7404137931034482
Healthcare,PLA Bioplastic,Bioplastic,Toy casing,49.44 kg,0.2800000000000001,0.3714285714285714,0.982758620689655,FootprintData,0.9889536051415946,0.6304433497536945,0.01104639485840542,0.3394912583589995,5,0,8,1,0.9889536051415948,0.6308177339901477,0.7016551724137929
Furniture,Bamboo Fiber,Natural Fiber,Electronic enclosure,7.0 kg,0.2,0.5571428571428572,0.4137931034482758,OpenLCA Sample,0.1365736091584655,0.3522167487684729,0.8634263908415345,0.4599146167598495,4,3,1,2,0.13657360915846553,0.33408866995073894,0.3282758620689655
Furniture,Cornstarch Plastic,Bioplastic,Electronic enclosure,23.82 kg,0.24,0.9285714285714286,0.9482758620689655,OpenLCA Sample,0.4743924482827876,0.4199014778325123,0.5256075517172123,0.3976428566481686,4,0,1,2,0.4743924482827877,0.48959605911330056,0.6649655172413793
Electronics,Cornstarch Plastic,Bioplastic,Packaging box,42.78 kg,0.1066666666666667,0.07142857142857142,0.1206896551724137,Carbon Catalogue,0.8551918055834504,0.3853092501368363,0.1448081944165496,0.2295661583796994,3,0,5,0,0.8551918055834506,0.27665681444991785,0.1150804597701149
Toys,Bamboo Fiber,Natural Fiber,Medical packaging,33.36 kg,0.6133333333333333,0.7714285714285714,0.6206896551724137,FootprintData,0.6659971881903997,0.4875314723590585,0.3340028118096003,0.4792134324865035,8,3,4,1,0.6659971881903998,0.5393234811165846,0.6177471264367815
Packaging,Bamboo Fiber,Natural Fiber,Shipping carton,31.51 kg,0.8266666666666669,0.6428571428571428,0.08620689655172409,OpenLCA Sample,0.6288411327575818,0.4233388067870827,0.3711588672424182,0.5286831828875587,7,3,6,2,0.6288411327575819,0.43657799671592784,0.38239080459770125
Furniture,Bamboo Fiber,Natural Fiber,Furniture panel,32.89 kg,0.1333333333333334,0.1428571428571428,0.4482758620689655,FootprintData,0.6565575416750351,0.479584017515052,0.3434424583249649,0.3348663445035103,4,3,3,1,0.6565575416750352,0.40407224958949106,0.32229885057471264
Construction,Bamboo Fiber,Natural Fiber,Packaging box,41.33 kg,0.6000000000000001,0.5142857142857142,0.3620689655172413,OpenLCA Sample,0.8260694918658364,0.4825944170771757,0.1739305081341636,0.4252169192711194,1,3,5,2,0.8260694918658367,0.48197044334975375,0.4572413793103448
Cosmetics,Molded Pulp,Paper,Furniture panel,12.19 kg,0.56,0.3857142857142857,0.6896551724137931,FootprintData,0.2408114079132355,0.6213136288998359,0.7591885920867645,0.6442820291859637,2,5,3,1,0.24081140791323555,0.6227192118226602,0.6377931034482759
Automotive,Cotton Fiber,Natural Material,Furniture panel,10.96 kg,0.8,0.6285714285714286,0.103448275862069,Sustainability Dataset,0.2161076521389837,0.4249589490968801,0.7838923478610162,0.6451512839970569,0,4,3,3,0.21610765213898375,0.43566502463054196,0.38206896551724145
Cosmetics,Bamboo Fiber,Natural Fiber,Cosmetic wrap,49.15 kg,0.6266666666666667,0.9000000000000001,0.7413793103448276,Carbon Catalogue,0.9831291423980718,0.4893486590038314,0.01687085760192819,0.388800720882111,2,3,0,0,0.983129142398072,0.5672183908045978,0.6954942528735633
Electronics,Kraft Paper,Paper,Packaging box,25.52 kg,0.6133333333333333,0.7428571428571429,0.2241379310344827,Sustainability Dataset,0.508535850572404,0.364871373836891,0.491464149427596,0.4773877943630351,3,5,5,3,0.5085358505724041,0.38641707717569784,0.37981609195402294
Home Appliances,Bamboo Fiber,Natural Fiber,Medical packaging,3.88 kg,0.3066666666666667,0.9000000000000001,0.5517241379310345,FootprintData,0.07391042377987547,0.319463601532567,0.9260895762201246,0.4976123134790642,6,3,4,1,0.07391042377987549,0.36335632183908045,0.4537011494252874
Automotive,Cornstarch Plastic,Bioplastic,Packaging box,39.96 kg,0.9333333333333336,0.6285714285714286,0.7068965517241379,Carbon Catalogue,0.7985539264912632,0.670552818828681,0.2014460735087368,0.6086549495840936,0,0,5,0,0.7985539264912634,0.7303776683087029,0.7974712643678161
Electronics,Bamboo Fiber,Natural Fiber,Storage container,40.2 kg,0.09333333333333338,0.4857142857142857,0.0,FootprintData,0.8033741715203856,0.2025396825396825,0.1966258284796144,0.1680036215597574,3,3,7,1,0.8033741715203858,0.1401904761904762,0.03733333333333335
Healthcare,Recycled Paper,Paper,Cosmetic wrap,4.39 kg,0.9866666666666668,0.7714285714285714,0.9137931034482758,OpenLCA Sample,0.08415344446676039,0.7096770662287905,0.9158465555332396,0.8546247931514881,5,5,0,2,0.0841534444667604,0.8058981937602628,0.9429425287356322
Toys,Aluminum Foil,Metal,Food container,29.36 kg,0.9066666666666667,0.6285714285714286,0.2758620689655171,Carbon Catalogue,0.5856597710383611,0.5179857690202517,0.4143402289616389,0.6034963762965924,8,2,2,0,0.5856597710383612,0.5472972085385879,0.5281839080459769
Home Appliances,Cornstarch Plastic,Bioplastic,Medical packaging,41.24 kg,0.7866666666666668,0.3142857142857143,0.9655172413793103,Sustainability Dataset,0.8242618999799156,0.8126327312534208,0.1757381000200844,0.6137745225073937,6,0,4,3,0.8242618999799158,0.838016420361248,0.8939770114942529
Automotive,Bamboo Fiber,Natural Fiber,Medical packaging,25.1 kg,0.5466666666666666,0.657142857142857,0.982758620689655,FootprintData,0.50010042177144,0.6240941434044882,0.49989957822856,0.5636075308303632,0,3,4,1,0.5001004217714401,0.6803415435139574,0.8083218390804596
Construction,Recycled Paper,Paper,Furniture panel,14.17 kg,0.08000000000000002,0.6285714285714286,0.5344827586206895,FootprintData,0.2805784294034946,0.3286371100164203,0.7194215705965054,0.3712813151855198,1,5,3,1,0.28057842940349464,0.3200788177339901,0.35268965517241374
Furniture,PLA Bioplastic,Bioplastic,Cosmetic wrap,3.99 kg,0.4533333333333334,0.7714285714285714,0.9137931034482758,Sustainability Dataset,0.07611970275155654,0.5318992884510126,0.9238802972484434,0.625923804554938,4,0,0,3,0.07611970275155655,0.5925648604269295,0.7296091954022988
Cosmetics,Aluminum Foil,Metal,Furniture panel,44.22 kg,0.6000000000000001,0.4428571428571429,0.8620689655172413,Sustainability Dataset,0.8841132757581843,0.6730706075533662,0.1158867242418157,0.4839942602938913,2,2,3,3,0.8841132757581845,0.696256157635468,0.7572413793103447
Packaging,Cornstarch Plastic,Bioplastic,Furniture panel,38.58 kg,0.2666666666666667,0.2428571428571428,0.08620689655172409,Sustainability Dataset,0.7708375175738099,0.3700054734537493,0.2291624824261901,0.2967509341093568,7,0,3,3,0.7708375175738101,0.29257799671592777,0.15839080459770113
Electronics,Recycled Cardboard,Cardboard,Toy casing,13.34 kg,0.4933333333333333,0.0,0.3103448275862069,OpenLCA Sample,0.2639084153444466,0.6012260536398467,0.7360915846555534,0.6093178968526047,3,1,8,2,0.26390841534444665,0.5214712643678161,0.3835402298850575
Home Appliances,PLA Bioplastic,Bioplastic,Packaging box,22.27 kg,0.7733333333333334,0.6714285714285715,0.6206896551724137,OpenLCA Sample,0.4432616991363727,0.5741981390257253,0.5567383008636273,0.6287007458693783,6,0,5,2,0.4432616991363728,0.6233234811165846,0.6817471264367816
Home Appliances,Kraft Paper,Paper,Cosmetic wrap,20.25 kg,0.24,0.8571428571428572,0.0,Carbon Catalogue,0.4026913034745933,0.1276190476190476,0.5973086965254067,0.3022402280052411,6,5,0,0,0.4026913034745934,0.12457142857142856,0.096
Cosmetics,Cornstarch Plastic,Bioplastic,Packaging box,10.74 kg,0.3466666666666667,0.4714285714285714,0.3620689655172413,OpenLCA Sample,0.2116890941956216,0.4124356869184456,0.7883109058043785,0.5054675465086917,2,0,5,2,0.21168909419562165,0.38920853858784893,0.3559080459770115
Toys,Tin Container,Metal,Electronic enclosure,7.98 kg,0.1066666666666667,0.1714285714285714,0.482758620689655,Sustainability Dataset,0.156256276360715,0.4726655719759167,0.8437437236392851,0.4741893458821523,8,2,1,3,0.15625627636071504,0.40148440065681446,0.3323218390804597
Furniture,Cornstarch Plastic,Bioplastic,Food container,6.86 kg,0.8933333333333335,0.5285714285714285,0.293103448275862,Sustainability Dataset,0.1337617995581442,0.5526217843459224,0.8662382004418558,0.7489201738709257,4,0,2,3,0.13376179955814424,0.5688604269293925,0.5331954022988507
Home Appliances,Aluminum Foil,Metal,Furniture panel,21.41 kg,0.6000000000000001,0.1,0.5689655172413792,Carbon Catalogue,0.4259891544486845,0.689655172413793,0.5740108455513155,0.628065322630912,6,2,3,0,0.4259891544486846,0.6475862068965518,0.5813793103448276
Furniture,Molded Pulp,Paper,Shipping carton,23.16 kg,0.7866666666666668,0.2571428571428571,0.5,OpenLCA Sample,0.4611367744527013,0.6765079365079366,0.5388632255472987,0.6682621422673642,4,5,6,2,0.4611367744527014,0.6632380952380954,0.6146666666666667
Automotive,Cotton Fiber,Natural Material,Toy casing,38.75 kg,0.2533333333333334,0.6000000000000001,0.2068965517241379,OpenLCA Sample,0.7742518578027716,0.2867432950191571,0.2257481421972284,0.2584217606668314,0,4,8,2,0.7742518578027718,0.2640919540229886,0.22547126436781612
Packaging,Tin Container,Metal,Electronic enclosure,37.63 kg,0.7333333333333334,0.1285714285714286,0.1206896551724137,Sustainability Dataset,0.7517573810002008,0.5751505199781062,0.2482426189997992,0.5245329936911822,7,2,1,3,0.7517573810002011,0.5158949096880132,0.3657471264367816
Electronics,Bamboo Fiber,Natural Fiber,Medical packaging,36.18 kg,0.3733333333333334,0.5714285714285714,0.482758620689655,FootprintData,0.7226350672825868,0.4282211275314723,0.2773649327174132,0.3664979308278129,3,3,4,1,0.7226350672825869,0.4281510673234811,0.4389885057471264
Cosmetics,Kraft Paper,Paper,Electronic enclosure,25.43 kg,0.1866666666666667,1.0,0.9310344827586206,Carbon Catalogue,0.5067282586864832,0.3725670498084291,0.4932717413135168,0.3530083423174267,2,5,1,0,0.5067282586864833,0.4470804597701149,0.633287356321839
Healthcare,PLA Bioplastic,Bioplastic,Electronic enclosure,45.56 kg,0.4933333333333333,0.01428571428571429,0.3103448275862069,Carbon Catalogue,0.9110263105041173,0.596464148877942,0.08897368949588269,0.4132777663999416,5,0,1,0,0.9110263105041175,0.5186141215106732,0.3835402298850575
Electronics,Bamboo Fiber,Natural Fiber,Toy casing,10.82 kg,0.8400000000000001,0.1714285714285714,0.3103448275862069,Carbon Catalogue,0.2132958425386624,0.6596387520525452,0.7867041574613376,0.7518667480594194,3,3,8,0,0.21329584253866246,0.6258522167487686,0.5222068965517243
Electronics,Bamboo Fiber,Natural Fiber,Furniture panel,1.02 kg,0.52,0.4,0.7068965517241379,Sustainability Dataset,0.0164691705161679,0.6089655172413794,0.9835308294838321,0.6946454557417013,3,3,3,3,0.016469170516167902,0.6107586206896551,0.6321379310344828
Furniture,Cornstarch Plastic,Bioplastic,Storage container,0.58 kg,0.2933333333333334,0.07142857142857142,0.3793103448275861,OpenLCA Sample,0.007632054629443662,0.5337383689107827,0.9923679453705564,0.59920573117548,4,0,7,2,0.007632054629443664,0.4547717569786535,0.34491954022988497
Electronics,Molded Pulp,Paper,Food container,11.63 kg,0.7600000000000002,0.4714285714285714,0.8275862068965516,FootprintData,0.2295641695119502,0.7053858784893269,0.7704358304880499,0.7412851005421458,3,5,2,1,0.22956416951195024,0.7407487684729065,0.800551724137931
Electronics,Bamboo Fiber,Natural Fiber,Electronic enclosure,20.48 kg,0.8400000000000001,0.6000000000000001,0.4310344827586206,Sustainability Dataset,0.4073107049608355,0.5570114942528736,0.5926892950391645,0.6526113862128988,3,3,1,3,0.4073107049608356,0.5884137931034483,0.5946206896551725
Automotive,Bamboo Fiber,Natural Fiber,Toy casing,3.48 kg,0.6400000000000001,1.0,0.586206896551724,Sustainability Dataset,0.06587668206467162,0.408735632183908,0.9341233179353283,0.6357312482541617,0,3,8,3,0.06587668206467164,0.4904827586206897,0.6077241379310344
Electronics,Aluminum Foil,Metal,Food container,7.2 kg,0.0,1.0,0.03448275862068961,Carbon Catalogue,0.1405904800160675,0.0114942528735632,0.8594095199839326,0.262420557144605,3,2,2,0,0.14059048001606753,0.013793103448275846,0.02068965517241377
Construction,Cotton Fiber,Natural Material,Electronic enclosure,45.57 kg,1.0,0.1142857142857143,0.0,Sustainability Dataset,0.9112271540469973,0.6285714285714287,0.08877284595300272,0.5780604252144723,1,4,1,3,0.9112271540469975,0.5771428571428572,0.4
Home Appliances,Cotton Fiber,Natural Material,Medical packaging,36.17 kg,0.2800000000000001,0.4428571428571429,0.5689655172413792,FootprintData,0.7224342237397068,0.4687027914614121,0.2775657762602932,0.3547508494626528,6,4,4,1,0.7224342237397069,0.45101477832512316,0.4533793103448276
Healthcare,Cornstarch Plastic,Bioplastic,Cosmetic wrap,48.82 kg,0.2,0.2571428571428571,0.586206896551724,Sustainability Dataset,0.9765013054830286,0.509688013136289,0.0234986945169714,0.270924813609607,5,0,0,3,0.9765013054830288,0.4630541871921182,0.43172413793103437
Cosmetics,Tin Container,Metal,Packaging box,31.83 kg,0.9333333333333336,0.5714285714285714,0.4137931034482758,OpenLCA Sample,0.6352681261297448,0.5918992884510127,0.3647318738702552,0.6261792775414817,2,2,5,2,0.6352681261297449,0.6245648604269295,0.6216091954022989
Automotive,Bamboo Fiber,Natural Fiber,Electronic enclosure,17.79 kg,0.9333333333333336,0.3857142857142857,0.3103448275862069,Sustainability Dataset,0.3532837919260895,0.6193212917350849,0.6467162080739105,0.7217433791162071,0,3,1,3,0.35328379192608955,0.6203284072249591,0.5595402298850576
Healthcare,Cornstarch Plastic,Bioplastic,Packaging box,27.86 kg,0.48,0.9000000000000001,0.8448275862068966,FootprintData,0.5555332396063466,0.4749425287356321,0.4444667603936534,0.4673170396123489,5,0,5,1,0.5555332396063467,0.5499310344827586,0.6988965517241379
Electronics,Recycled Paper,Paper,Packaging box,22.78 kg,0.8666666666666667,0.9714285714285715,0.7758620689655171,FootprintData,0.4535047198232577,0.5570333880678707,0.5464952801767423,0.646761939280171,3,5,5,1,0.4535047198232578,0.6627257799671592,0.812183908045977
Furniture,Kraft Paper,Paper,Food container,21.96 kg,0.02666666666666667,0.5857142857142856,0.1724137931034482,Sustainability Dataset,0.4370355493070898,0.204455391351943,0.5629644506929102,0.2586714917486503,4,5,2,3,0.43703554930708993,0.16248932676518885,0.1141149425287356
Cosmetics,PLA Bioplastic,Bioplastic,Food container,35.48 kg,1.0,0.5857142857142856,0.7068965517241379,Carbon Catalogue,0.70857601928098,0.7070607553366175,0.29142398071902,0.670251496350353,2,0,2,0,0.7085760192809801,0.7656157635467981,0.8241379310344827
Packaging,Aluminum Foil,Metal,Toy casing,38.7 kg,0.9733333333333334,0.5285714285714285,0.05172413793103448,FootprintData,0.7732476400883711,0.4988286808976465,0.2267523599116289,0.5595571803325472,7,2,8,1,0.7732476400883713,0.5043087027914614,0.42036781609195406
Cosmetics,PLA Bioplastic,Bioplastic,Packaging box,46.86 kg,0.06666666666666671,0.9571428571428571,0.6206896551724137,Sustainability Dataset,0.9371359710785298,0.2434044882320744,0.06286402892147025,0.1362210039692709,2,0,5,3,0.93713597107853,0.28351395730706075,0.39908045977011486
Construction,Kraft Paper,Paper,Electronic enclosure,45.54 kg,0.32,0.6428571428571428,0.4482758620689655,OpenLCA Sample,0.910624623418357,0.3751395730706076,0.08937537658164296,0.2728684422027359,1,5,1,2,0.9106246234183573,0.3787389162561577,0.3969655172413793
Electronics,Cornstarch Plastic,Bioplastic,Toy casing,6.04 kg,0.6133333333333333,0.7714285714285714,0.6379310344827585,Sustainability Dataset,0.1172926290419763,0.4932785987958401,0.8827073709580238,0.6461236508057432,3,0,8,3,0.11729262904197633,0.5462200328407224,0.6280919540229883
Furniture,PLA Bioplastic,Bioplastic,Electronic enclosure,38.61 kg,0.36,0.3,0.3103448275862069,OpenLCA Sample,0.7714400482024503,0.4567816091954023,0.2285599517975497,0.3592806292174259,4,0,1,2,0.7714400482024505,0.4081379310344827,0.33020689655172414
Electronics,Bamboo Fiber,Natural Fiber,Packaging box,17.81 kg,0.5733333333333335,0.08571428571428572,0.189655172413793,Sustainability Dataset,0.3536854790118497,0.5590914066776137,0.6463145209881502,0.5895309189674905,3,3,5,3,0.35368547901184977,0.4880525451559935,0.3431264367816092
Cosmetics,Recycled Paper,Paper,Packaging box,37.34 kg,0.7866666666666668,0.0,0.103448275862069,Carbon Catalogue,0.7459329182566781,0.6300383141762452,0.2540670817433219,0.5642354501934947,2,5,5,0,0.7459329182566782,0.5560459770114944,0.37673563218390815
Automotive,Tin Container,Metal,Packaging box,22.42 kg,0.5466666666666666,0.3571428571428572,0.2586206896551724,Carbon Catalogue,0.4462743522795742,0.4827148330596606,0.5537256477204258,0.523203627539992,0,2,5,0,0.4462743522795743,0.4506863711001642,0.3738390804597701
Cosmetics,Kraft Paper,Paper,Medical packaging,40.98 kg,0.01333333333333336,0.7714285714285714,0.293103448275862,Carbon Catalogue,0.819039967865033,0.178336070060208,0.180960032134967,0.1296224376645733,2,5,4,0,0.8190399678650332,0.16828899835796388,0.18119540229885053
Cosmetics,Cornstarch Plastic,Bioplastic,Electronic enclosure,14.11 kg,0.2800000000000001,0.4999999999999999,0.8620689655172413,Carbon Catalogue,0.2793733681462141,0.5473563218390805,0.720626631853786,0.519130518291768,2,0,1,0,0.27937336814621416,0.5568275862068967,0.6292413793103449
Furniture,Molded Pulp,Paper,Medical packaging,8.55 kg,0.2933333333333334,0.3285714285714286,0.7068965517241379,FootprintData,0.1677043583048805,0.5572194854953476,0.8322956416951195,0.5605764867066749,4,5,4,1,0.16770435830488054,0.5343776683087028,0.5414712643678161
Toys,Recycled Cardboard,Cardboard,Storage container,31.79 kg,0.9200000000000002,0.7571428571428571,0.4310344827586206,OpenLCA Sample,0.6344647519582245,0.5312972085385879,0.3655352480417755,0.5981794578279678,8,1,7,2,0.6344647519582246,0.588985221674877,0.6266206896551725
Cosmetics,PLA Bioplastic,Bioplastic,Shipping carton,36.74 kg,0.72,0.7142857142857142,0.1551724137931034,OpenLCA Sample,0.7338823056838722,0.3869622331691298,0.2661176943161278,0.4506202015624903,2,0,6,2,0.7338823056838724,0.4072118226600985,0.381103448275862
Electronics,Recycled Cardboard,Cardboard,Shipping carton,47.28 kg,0.3866666666666667,0.4714285714285714,0.482758620689655,FootprintData,0.9455713998794938,0.4659989053092501,0.05442860012050621,0.3187281421598519,3,1,6,1,0.945571399879494,0.45348440065681445,0.44432183908045975
Toys,Kraft Paper,Paper,Packaging box,18.0 kg,0.1200000000000001,0.08571428571428572,0.103448275862069,Carbon Catalogue,0.3575015063265716,0.3792446633825944,0.6424984936734284,0.3804474134550663,8,5,5,0,0.3575015063265717,0.27223645320197054,0.11006896551724143
Electronics,Recycled Cardboard,Cardboard,Packaging box,42.84 kg,0.2666666666666667,0.05714285714285713,0.2241379310344827,Carbon Catalogue,0.856396866840731,0.477887246852764,0.143603133159269,0.3142358386888863,3,1,5,0,0.8563968668407312,0.38489326765188836,0.2411494252873563
Home Appliances,Cotton Fiber,Natural Material,Food container,49.65 kg,0.6933333333333334,1.0,1.0,Carbon Catalogue,0.9931713195420766,0.5644444444444444,0.006828680457923397,0.4358263819151548,6,4,2,0,0.9931713195420768,0.6773333333333333,0.8773333333333333
Construction,Aluminum Foil,Metal,Cosmetic wrap,45.62 kg,0.44,1.0,0.7068965517241379,Carbon Catalogue,0.9122313717613978,0.3822988505747126,0.08776862823860221,0.3112501287014657,1,2,0,0,0.912231371761398,0.4587586206896552,0.6001379310344828
Automotive,Cotton Fiber,Natural Material,Electronic enclosure,11.55 kg,0.9333333333333336,0.6285714285714286,0.3620689655172413,Carbon Catalogue,0.2279574211689094,0.5556102900930487,0.7720425788310906,0.7338568896865467,0,4,1,0,0.22795742116890946,0.5924466338259443,0.5905747126436782
Toys,Bamboo Fiber,Natural Fiber,Shipping carton,18.51 kg,0.2933333333333334,0.8571428571428572,0.03448275862068961,Sustainability Dataset,0.3677445270134565,0.1568910782703886,0.6322554729865435,0.3404330732041185,8,3,6,3,0.36774452701345656,0.15969786535303776,0.13802298850574712
Toys,Cornstarch Plastic,Bioplastic,Electronic enclosure,1.62 kg,0.7333333333333334,0.8714285714285714,0.2586206896551724,FootprintData,0.02851978308897369,0.3735084838533114,0.9714802169110263,0.6608474586146325,8,0,1,1,0.028519783088973696,0.42249589490968803,0.4485057471264368
Cosmetics,PLA Bioplastic,Bioplastic,Electronic enclosure,8.48 kg,0.2266666666666667,0.6285714285714286,0.6724137931034482,Sustainability Dataset,0.1662984535047198,0.4235030103995621,0.8337015464952802,0.4875116681084089,2,0,1,3,0.16629845350471983,0.43391789819376025,0.49411494252873556
Home Appliances,Recycled Paper,Paper,Electronic enclosure,3.06 kg,0.8800000000000001,0.5714285714285714,0.05172413793103448,FootprintData,0.05744125326370757,0.453431855500821,0.9425587467362925,0.7281403662212161,6,5,1,1,0.05744125326370758,0.4584039408866996,0.3830344827586208
Automotive,Recycled Cardboard,Cardboard,Toy casing,44.45 kg,0.9200000000000002,0.01428571428571429,0.4137931034482758,FootprintData,0.8887326772444266,0.7731691297208538,0.1112673227555734,0.6186478487150135,0,1,8,1,0.8887326772444268,0.7306600985221676,0.6162758620689656
Toys,Tin Container,Metal,Furniture panel,5.46 kg,0.09333333333333338,0.657142857142857,0.3448275862068966,OpenLCA Sample,0.1056437035549307,0.2603393541324576,0.8943562964450693,0.4004426305865039,8,2,3,2,0.10564370355493073,0.24383579638752062,0.24422988505747129
Cosmetics,Recycled Paper,Paper,Medical packaging,29.5 kg,0.2800000000000001,0.1571428571428571,0.05172413793103448,FootprintData,0.5884715806386824,0.3915270935960591,0.4115284193613176,0.3640693632468189,2,5,4,1,0.5884715806386825,0.3012610837438424,0.14303448275862074
Healthcare,Recycled Paper,Paper,Shipping carton,20.05 kg,0.5733333333333335,0.9571428571428571,0.6206896551724137,Carbon Catalogue,0.3986744326169913,0.4122933771209634,0.6013255673830087,0.517315021063288,5,5,6,0,0.3986744326169914,0.4861806239737274,0.6017471264367815
Cosmetics,Cornstarch Plastic,Bioplastic,Storage container,18.37 kg,0.1333333333333334,0.7571428571428571,0.0,Carbon Catalogue,0.3649327174131352,0.1253968253968254,0.6350672825868648,0.2806789149347896,2,0,7,0,0.36493271741313527,0.10190476190476194,0.05333333333333336
Healthcare,Molded Pulp,Paper,Storage container,44.17 kg,0.4533333333333334,0.02857142857142858,0.3448275862068966,OpenLCA Sample,0.8831090580437838,0.5898631636562671,0.1168909419562162,0.4070125480493717,5,5,7,2,0.883109058043784,0.5135500821018063,0.3882298850574713
Packaging,Recycled Cardboard,Cardboard,Toy casing,45.69 kg,0.4000000000000001,0.4,0.6724137931034482,Carbon Catalogue,0.9136372765615585,0.5574712643678161,0.08636272343844154,0.3688973227786589,7,1,8,0,0.9136372765615587,0.5489655172413793,0.5634482758620689
Packaging,Kraft Paper,Paper,Shipping carton,30.72 kg,0.4000000000000001,0.7,0.6206896551724137,OpenLCA Sample,0.6129744928700541,0.4402298850574713,0.3870255071299459,0.4121996061619723,7,5,6,2,0.6129744928700542,0.4682758620689655,0.5324137931034483
Packaging,Aluminum Foil,Metal,Storage container,18.91 kg,0.48,0.8571428571428572,0.1551724137931034,OpenLCA Sample,0.3757782687286603,0.2593431855500821,0.6242217312713396,0.4350037936014347,7,2,7,2,0.37577826872866044,0.2826403940886699,0.28510344827586204
Toys,Kraft Paper,Paper,Shipping carton,31.58 kg,1.0,0.2857142857142857,0.9310344827586206,FootprintData,0.6302470375577425,0.8817733990147784,0.3697529624422575,0.7636352483385886,8,5,6,1,0.6302470375577426,0.9152709359605912,0.9586206896551723
Electronics,Aluminum Foil,Metal,Storage container,46.43 kg,0.9733333333333334,0.8714285714285714,0.9310344827586206,Sustainability Dataset,0.9284996987346856,0.6776464148877942,0.07150030126531437,0.5845086563347119,3,2,7,3,0.9284996987346859,0.7874614121510674,0.9479540229885057
Construction,Recycled Paper,Paper,Shipping carton,10.92 kg,0.7733333333333334,0.8571428571428572,0.1206896551724137,Sustainability Dataset,0.2153042779674633,0.3456267104542967,0.7846957220325367,0.6056594007914796,1,5,6,3,0.21530427796746335,0.3861806239737275,0.3817471264367816
Home Appliances,Aluminum Foil,Metal,Shipping carton,42.62 kg,0.52,0.4999999999999999,0.8620689655172413,FootprintData,0.8519783088973688,0.6273563218390804,0.1480216911026312,0.4513490360664215,6,2,6,1,0.851978308897369,0.6528275862068966,0.7252413793103447
Toys,Tin Container,Metal,Medical packaging,5.66 kg,0.4533333333333334,0.5428571428571429,0.7586206896551724,FootprintData,0.1096605744125326,0.5563656267104543,0.8903394255874674,0.6256480783604219,8,2,4,1,0.10966057441253263,0.5762101806239738,0.6365057471264368
Healthcare,Recycled Paper,Paper,Furniture panel,4.48 kg,0.01333333333333336,0.8142857142857143,0.2068965517241379,Sustainability Dataset,0.08596103635268126,0.1353147235905857,0.9140389636473187,0.3323375785304299,5,5,3,3,0.08596103635268128,0.12523481116584567,0.12947126436781609
Furniture,Cotton Fiber,Natural Material,Medical packaging,49.22 kg,0.9066666666666667,0.2428571428571428,0.9482758620689655,Sustainability Dataset,0.9845350471982325,0.8706951286261632,0.01546495280176752,0.6249175372909956,4,4,4,3,0.9845350471982327,0.8934055829228245,0.931632183908046
Healthcare,Tin Container,Metal,Cosmetic wrap,20.12 kg,0.8533333333333335,0.6285714285714286,0.8103448275862069,OpenLCA Sample,0.400080337417152,0.6783689107827039,0.599919662582848,0.7073234630879359,5,2,0,2,0.4000803374171521,0.7397569786535305,0.8275402298850576
Toys,Cotton Fiber,Natural Material,Storage container,23.84 kg,0.4533333333333334,0.3857142857142857,0.982758620689655,Carbon Catalogue,0.4747941353685479,0.6834592227695676,0.5252058646314521,0.5669454484972627,8,4,7,0,0.47479413536854803,0.6972939244663383,0.7709885057471263
Cosmetics,Recycled Paper,Paper,Toy casing,24.53 kg,0.9200000000000002,0.5714285714285714,0.5172413793103448,Sustainability Dataset,0.4886523398272745,0.6219376026272578,0.5113476601727255,0.6781793391027208,2,5,8,3,0.48865233982727463,0.6606108374384237,0.678344827586207
Construction,Aluminum Foil,Metal,Food container,6.27 kg,0.3733333333333334,0.4857142857142857,0.1724137931034482,Sustainability Dataset,0.1219120305282185,0.3533442802408319,0.8780879694717815,0.5167641029378672,1,2,2,3,0.12191203052821853,0.3211559934318555,0.25278160919540227
Toys,Tin Container,Metal,Cosmetic wrap,3.52 kg,0.4933333333333333,0.8571428571428572,0.7413793103448276,Carbon Catalogue,0.066680056236192,0.4591899288451013,0.933319943763808,0.6116719546671829,8,2,0,0,0.06668005623619201,0.522456486042693,0.6421609195402299
Home Appliances,Aluminum Foil,Metal,Packaging box,6.92 kg,0.9733333333333334,0.6000000000000001,0.8448275862068966,Carbon Catalogue,0.1349668608154247,0.7393869731800766,0.8650331391845753,0.8472647310274033,6,2,5,0,0.13496686081542472,0.8072643678160919,0.8962298850574713
Packaging,Recycled Paper,Paper,Cosmetic wrap,43.46 kg,0.0,0.5571428571428572,0.08620689655172409,Sustainability Dataset,0.868849166499297,0.1763546798029556,0.131150833500703,0.1098871219713932,7,5,0,3,0.8688491664992972,0.12305418719211822,0.051724137931034454
Healthcare,Cotton Fiber,Natural Material,Storage container,21.3 kg,0.2800000000000001,0.5285714285714285,0.396551724137931,Carbon Catalogue,0.4237798754770034,0.3826600985221675,0.5762201245229965,0.409930076765766,5,4,7,0,0.4237798754770035,0.36490640394088675,0.34993103448275864
Cosmetics,Tin Container,Metal,Medical packaging,33.3 kg,0.6933333333333334,0.3285714285714286,0.2413793103448275,Carbon Catalogue,0.664792126933119,0.5353804050355775,0.335207873066881,0.5227145239342953,2,2,4,0,0.6647921269331191,0.5081707717569787,0.4221609195402299
Home Appliances,Cornstarch Plastic,Bioplastic,Packaging box,41.91 kg,0.2266666666666667,0.1857142857142857,0.4137931034482758,Carbon Catalogue,0.837718417352882,0.4849151614668856,0.162281582647118,0.3106505393808897,6,0,5,0,0.8377184173528822,0.4190410509031199,0.33894252873563213
Healthcare,Aluminum Foil,Metal,Toy casing,16.45 kg,0.3733333333333334,0.7428571428571429,0.8620689655172413,Sustainability Dataset,0.3263707571801566,0.4975150519978106,0.6736292428198434,0.5130947936450773,5,2,8,3,0.3263707571801567,0.5455894909688014,0.6665747126436781
Toys,Aluminum Foil,Metal,Cosmetic wrap,25.65 kg,0.01333333333333336,0.3714285714285714,0.189655172413793,Carbon Catalogue,0.5111468166298453,0.2771866447728517,0.4888531833701547,0.2615306129201871,8,2,0,0,0.5111468166298454,0.20690968801313628,0.11912643678160914
Toys,Kraft Paper,Paper,Medical packaging,48.11 kg,0.6133333333333333,0.5857142857142856,0.1551724137931034,FootprintData,0.9622414139385418,0.394263820470717,0.03775858606145821,0.3530331040067243,8,5,4,1,0.962241413938542,0.39025944170771754,0.3384367816091953
Construction,Tin Container,Metal,Furniture panel,49.04 kg,0.6933333333333334,0.2142857142857143,0.6551724137931034,OpenLCA Sample,0.9809198634263907,0.711406677613574,0.0190801365736093,0.4982867120175124,1,2,3,2,0.9809198634263909,0.6965451559934319,0.6704367816091954
Automotive,Molded Pulp,Paper,Electronic enclosure,2.1 kg,0.8133333333333335,0.4714285714285714,0.603448275862069,Sustainability Dataset,0.03816027314721832,0.6484510125889437,0.9618397268527816,0.7919323230914119,0,5,1,3,0.03816027314721833,0.6724269293924467,0.6874022988505748
Home Appliances,Recycled Paper,Paper,Furniture panel,7.46 kg,0.1066666666666667,0.7714285714285714,0.4137931034482758,Sustainability Dataset,0.14581241213095,0.2496770662287904,0.85418758786905,0.3881271028522312,6,5,3,3,0.14581241213095003,0.2538981937602628,0.29094252873563214
Home Appliances,Recycled Paper,Paper,Medical packaging,28.15 kg,0.7466666666666668,0.7428571428571429,0.8793103448275861,OpenLCA Sample,0.5613577023498694,0.6277066228790367,0.4386422976501306,0.6066753384466539,6,5,4,2,0.5613577023498695,0.7018193760262725,0.8262528735632184
Cosmetics,Tin Container,Metal,Shipping carton,22.36 kg,0.32,0.4857142857142857,0.01724137931034475,Carbon Catalogue,0.4450692910222936,0.2838423645320197,0.5549307089777065,0.3760161585061198,2,2,6,0,0.4450692910222937,0.23775369458128076,0.13834482758620686
Automotive,Kraft Paper,Paper,Shipping carton,21.57 kg,0.7866666666666668,0.7,0.2586206896551724,Sustainability Dataset,0.429202651134766,0.4484291187739464,0.570797348865234,0.5866108521691489,0,5,6,3,0.42920265113476613,0.4781149425287357,0.4698390804597702
Cosmetics,Bamboo Fiber,Natural Fiber,Packaging box,30.3 kg,0.2533333333333334,0.9142857142857144,0.6724137931034482,OpenLCA Sample,0.6045390640690902,0.3371538040503557,0.3954609359309098,0.3294998023994152,2,3,5,2,0.6045390640690903,0.3874417077175698,0.5047816091954023
Toys,PLA Bioplastic,Bioplastic,Cosmetic wrap,38.1 kg,0.6266666666666667,0.04285714285714287,1.0,Carbon Catalogue,0.7611970275155654,0.8612698412698413,0.2388029724844346,0.604148828253267,8,0,0,0,0.7611970275155656,0.8420952380952381,0.8506666666666667
Construction,Cornstarch Plastic,Bioplastic,Shipping carton,49.8 kg,0.08000000000000002,0.4999999999999999,0.3620689655172413,Carbon Catalogue,0.996183972685278,0.3140229885057471,0.00381602731472197,0.1507540035967154,1,0,6,0,0.9961839726852783,0.27682758620689657,0.2492413793103448
Electronics,Recycled Paper,Paper,Toy casing,30.62 kg,0.1733333333333333,0.4142857142857143,0.0,Sustainability Dataset,0.6109660574412532,0.253015873015873,0.3890339425587468,0.2699165319739732,3,5,8,3,0.6109660574412533,0.18647619047619046,0.06933333333333333
Healthcare,Molded Pulp,Paper,Medical packaging,25.41 kg,0.02666666666666667,0.1285714285714286,0.6896551724137931,OpenLCA Sample,0.506326571600723,0.5292501368363437,0.493673428399277,0.3678020832543206,5,5,4,2,0.5063265716007231,0.4608144499178982,0.4244597701149425
Cosmetics,Molded Pulp,Paper,Electronic enclosure,15.42 kg,0.36,0.8428571428571427,0.7241379310344827,Sustainability Dataset,0.3056838722635067,0.41376026272578,0.6943161277364933,0.48179894341126,2,5,1,3,0.30568387226350674,0.4650837438423645,0.5784827586206895
Construction,Aluminum Foil,Metal,Electronic enclosure,21.43 kg,0.8666666666666667,0.01428571428571429,0.01724137931034475,OpenLCA Sample,0.4263908415344446,0.623207443897099,0.5736091584655554,0.6813657250985062,1,2,1,2,0.42639084153444473,0.5507060755336617,0.35701149425287354
Cosmetics,Aluminum Foil,Metal,Cosmetic wrap,34.27 kg,0.8400000000000001,0.4428571428571429,0.4655172413793103,Sustainability Dataset,0.6842739505924884,0.6208866995073892,0.3157260494075116,0.5950724946252092,2,2,0,3,0.6842739505924885,0.6336354679802956,0.6153103448275863
Packaging,Tin Container,Metal,Shipping carton,24.43 kg,0.4666666666666667,0.3285714285714286,0.4482758620689655,Carbon Catalogue,0.4866439043984735,0.5287903667214012,0.5133560956015264,0.5055229753690185,7,2,6,0,0.4866439043984736,0.5002627257799672,0.45563218390804594
Toys,Cotton Fiber,Natural Material,Cosmetic wrap,20.42 kg,0.9466666666666668,0.2285714285714286,0.5344827586206895,OpenLCA Sample,0.406105643703555,0.7508593322386425,0.593894356296445,0.7625120397843905,8,4,0,2,0.4061056437035551,0.7467454844006568,0.6993563218390804
Construction,Cotton Fiber,Natural Material,Toy casing,14.19 kg,0.9866666666666668,0.2857142857142857,0.7758620689655171,OpenLCA Sample,0.2809801164892548,0.8256048166392995,0.7190198835107452,0.8419478917089435,1,4,8,2,0.28098011648925486,0.8478686371100165,0.860183908045977
Electronics,Recycled Cardboard,Cardboard,Storage container,20.88 kg,0.8933333333333335,0.5285714285714285,0.5517241379310345,Carbon Catalogue,0.4153444466760393,0.6388286808976466,0.5846555533239607,0.6989281383562469,3,1,7,0,0.4153444466760394,0.6723087027914616,0.6883678160919542
Toys,Recycled Cardboard,Cardboard,Electronic enclosure,40.54 kg,0.2266666666666667,0.6285714285714286,0.9310344827586206,Carbon Catalogue,0.8102028519783088,0.5097099069512862,0.1897971480216912,0.3288231071870218,8,1,1,0,0.810202851978309,0.5373661740558292,0.649287356321839
Healthcare,Recycled Cardboard,Cardboard,Electronic enclosure,36.95 kg,0.8266666666666669,0.1714285714285714,1.0,Carbon Catalogue,0.7381000200843543,0.8850793650793651,0.2618999799156457,0.6806017400064399,5,1,1,0,0.7381000200843544,0.8963809523809525,0.9306666666666668
Construction,Cotton Fiber,Natural Material,Medical packaging,32.29 kg,0.7866666666666668,0.3714285714285714,0.5517241379310345,Carbon Catalogue,0.6445069291022293,0.6556540777230433,0.3554930708977707,0.6049095523585486,1,4,4,0,0.6445069291022294,0.6610706075533663,0.6457011494252874
Packaging,Aluminum Foil,Metal,Cosmetic wrap,12.57 kg,0.8,0.9142857142857144,0.1724137931034482,Sustainability Dataset,0.2484434625426792,0.3527093596059113,0.7515565374573208,0.6065507050795608,7,2,0,3,0.24844346254267927,0.40610837438423647,0.423448275862069
Healthcare,Tin Container,Metal,Electronic enclosure,9.07 kg,0.6400000000000001,0.7428571428571429,0.396551724137931,Sustainability Dataset,0.1781482225346455,0.4312315270935961,0.8218517774653545,0.6110481440770449,5,2,1,3,0.17814822253464552,0.4660492610837439,0.49393103448275866
Construction,Kraft Paper,Paper,Storage container,16.27 kg,0.7866666666666668,0.5714285714285714,0.5689655172413792,OpenLCA Sample,0.3227555734083149,0.5947345374931582,0.677244426591685,0.6770671429747688,1,5,7,2,0.32275557340831496,0.6279671592775042,0.6560459770114944
Cosmetics,Bamboo Fiber,Natural Fiber,Shipping carton,36.14 kg,0.7866666666666668,0.8857142857142857,0.4655172413793103,OpenLCA Sample,0.7218316931110664,0.4554898741105638,0.2781683068889336,0.5016464417109057,2,3,6,2,0.7218316931110665,0.5237307060755338,0.5939770114942529
Cosmetics,Bamboo Fiber,Natural Fiber,Toy casing,47.49 kg,0.9733333333333334,0.8285714285714285,0.982758620689655,OpenLCA Sample,0.9497891142799758,0.7091735084838534,0.05021088572002419,0.5907326691095486,2,3,8,2,0.949789114279976,0.8167224958949096,0.9789885057471264
Cosmetics,Recycled Cardboard,Cardboard,Electronic enclosure,31.4 kg,0.56,0.4999999999999999,0.8620689655172413,Carbon Catalogue,0.6266318537859007,0.6406896551724138,0.3733681462140993,0.5362863059331954,2,1,1,0,0.6266318537859008,0.6688275862068966,0.7412413793103447
Furniture,Cornstarch Plastic,Bioplastic,Packaging box,16.29 kg,0.1333333333333334,0.7714285714285714,0.3275862068965516,FootprintData,0.3231572604940751,0.2298303229337712,0.6768427395059249,0.3349849510252859,4,0,5,1,0.32315726049407517,0.23008210180623975,0.24988505747126433
Home Appliances,PLA Bioplastic,Bioplastic,Shipping carton,2.86 kg,0.6000000000000001,0.0,0.3620689655172413,Sustainability Dataset,0.05342438240610564,0.6540229885057471,0.9465756175938944,0.7255818806804673,6,0,6,3,0.053424382406105655,0.5848275862068966,0.4572413793103448
Electronics,Cotton Fiber,Natural Material,Food container,46.25 kg,0.9866666666666668,0.657142857142857,0.4137931034482758,Carbon Catalogue,0.9248845149628439,0.5811056376573619,0.07511548503715615,0.5509769005740917,3,4,2,0,0.9248845149628441,0.6287553366174057,0.6429425287356322
Healthcare,Kraft Paper,Paper,Food container,31.71 kg,0.6800000000000002,0.04285714285714287,0.06896551724137923,OpenLCA Sample,0.6328580036151837,0.5687027914614121,0.3671419963848163,0.5416237155000098,5,5,2,2,0.6328580036151839,0.4910147783251232,0.31337931034482763
Home Appliances,Tin Container,Metal,Storage container,42.85 kg,0.4000000000000001,0.4428571428571429,0.2758620689655171,FootprintData,0.8565977103836111,0.4110016420361248,0.1434022896163889,0.3274213436993666,6,2,7,1,0.8565977103836113,0.3817733990147783,0.32551724137931026
Furniture,Cornstarch Plastic,Bioplastic,Shipping carton,32.69 kg,0.2533333333333334,0.3,0.3275862068965516,FootprintData,0.6525406708174332,0.4269731800766283,0.3474593291825668,0.3510270707854214,4,0,6,1,0.6525406708174333,0.372367816091954,0.2978850574712643
Cosmetics,Recycled Cardboard,Cardboard,Packaging box,29.76 kg,0.2133333333333334,0.5571428571428572,0.6206896551724137,Sustainability Dataset,0.593693512753565,0.4256267104542966,0.406306487246435,0.3561426303556491,2,1,5,3,0.5936935127535651,0.4221806239737274,0.45774712643678156
Packaging,Cornstarch Plastic,Bioplastic,Shipping carton,11.08 kg,0.05333333333333334,0.3142857142857143,0.8620689655172413,Carbon Catalogue,0.2185177746535449,0.5337055281882868,0.7814822253464552,0.4639268788792513,7,0,6,0,0.21851777465354497,0.503303776683087,0.5385747126436781
Toys,Kraft Paper,Paper,Toy casing,16.33 kg,0.2666666666666667,0.7571428571428571,0.5,OpenLCA Sample,0.3239606346655954,0.3365079365079365,0.6760393653344046,0.4174149842034959,8,5,8,2,0.32396063466559544,0.3552380952380953,0.4066666666666667
Packaging,Kraft Paper,Paper,Furniture panel,9.64 kg,0.6533333333333333,0.5714285714285714,0.8103448275862069,Sustainability Dataset,0.189596304478811,0.6307498631636562,0.8104036955211891,0.6914210539218192,7,5,3,3,0.18959630447881107,0.6711855500821019,0.7475402298850575
Construction,Cotton Fiber,Natural Material,Furniture panel,10.39 kg,0.6000000000000001,0.9857142857142858,0.293103448275862,Sustainability Dataset,0.2046595701948182,0.3024630541871921,0.7953404298051818,0.5395873506164314,1,4,3,3,0.20465957019481826,0.36009852216748767,0.41586206896551725
Furniture,Aluminum Foil,Metal,Cosmetic wrap,21.02 kg,0.5866666666666667,0.4999999999999999,0.8620689655172413,Sustainability Dataset,0.4181562562763607,0.6495785440613027,0.5818437437236393,0.6103845407416129,4,2,0,3,0.4181562562763608,0.6794942528735632,0.7519080459770114
Construction,PLA Bioplastic,Bioplastic,Medical packaging,14.91 kg,0.7600000000000002,0.9285714285714286,0.2586206896551724,OpenLCA Sample,0.2954408515766218,0.3633497536945813,0.7045591484233782,0.584707646004846,1,0,4,2,0.29544085157662187,0.42173399014778334,0.45917241379310353
Toys,Recycled Cardboard,Cardboard,Furniture panel,17.52 kg,0.0,0.6000000000000001,0.06896551724137923,OpenLCA Sample,0.3478610162683269,0.1563218390804597,0.6521389837316731,0.2581704307516858,8,1,3,2,0.34786101626832694,0.10758620689655168,0.04137931034482754
Home Appliances,Tin Container,Metal,Furniture panel,45.93 kg,0.44,0.2285714285714286,0.01724137931034475,OpenLCA Sample,0.9184575215906807,0.4095566502463053,0.08154247840931927,0.320285403621318,6,2,3,2,0.918457521590681,0.3371822660098522,0.18634482758620688
Automotive,Bamboo Fiber,Natural Fiber,Shipping carton,37.43 kg,0.6800000000000002,0.9857142857142858,0.6379310344827585,OpenLCA Sample,0.7477405101425989,0.4440722495894909,0.2522594898574011,0.4573067467930167,0,3,6,2,0.747740510142599,0.5300295566502464,0.6547586206896552
Cosmetics,Cotton Fiber,Natural Material,Cosmetic wrap,35.42 kg,0.2533333333333334,0.8428571428571427,0.189655172413793,Carbon Catalogue,0.7073709580236995,0.2000437876299945,0.2926290419763005,0.243806227644888,2,4,0,0,0.7073709580236996,0.20862397372742203,0.21512643678160917
Automotive,PLA Bioplastic,Bioplastic,Furniture panel,33.5 kg,0.1066666666666667,0.2,0.3448275862068966,Carbon Catalogue,0.668808997790721,0.4171647509578544,0.331191002209279,0.2982232010459255,0,0,3,0,0.6688089977907211,0.34059770114942534,0.24956321839080461
Electronics,Tin Container,Metal,Furniture panel,21.26 kg,0.48,0.4999999999999999,0.1206896551724137,Sustainability Dataset,0.422976501305483,0.3668965517241379,0.577023498694517,0.4638656702980102,3,2,3,3,0.4229765013054831,0.34027586206896554,0.2644137931034482
Packaging,Molded Pulp,Paper,Medical packaging,6.16 kg,0.4133333333333334,0.6285714285714286,0.2413793103448275,FootprintData,0.1197027515565375,0.3420470717022441,0.8802972484434626,0.5249080032139364,7,5,4,1,0.11970275155653753,0.3361707717569786,0.31016091954022984
Electronics,Molded Pulp,Paper,Cosmetic wrap,43.78 kg,0.2133333333333334,0.9857142857142858,0.293103448275862,Sustainability Dataset,0.8752761598714601,0.1735741652983032,0.1247238401285399,0.1708468181578833,3,5,0,3,0.8752761598714603,0.205431855500821,0.2611954022988505
Packaging,Cornstarch Plastic,Bioplastic,Electronic enclosure,47.56 kg,0.6266666666666667,0.2142857142857143,0.8620689655172413,Sustainability Dataset,0.9511950190801366,0.7581499726327312,0.04880498091986341,0.5059014833290515,7,0,1,3,0.9511950190801368,0.7526371100164204,0.7679080459770115
Healthcare,Kraft Paper,Paper,Toy casing,11.74 kg,0.7733333333333334,0.9285714285714286,0.8103448275862069,OpenLCA Sample,0.2317734484836312,0.5517022441160372,0.7682265515163688,0.6831488631013255,5,5,8,2,0.23177344848363127,0.6477569786535304,0.7955402298850576
Cosmetics,Bamboo Fiber,Natural Fiber,Storage container,44.65 kg,0.3466666666666667,0.7714285714285714,0.03448275862068961,Sustainability Dataset,0.8927495481020284,0.203240284619595,0.1072504518979716,0.2174712494172295,2,3,7,3,0.8927495481020287,0.19817405582922826,0.15935632183908047
Toys,Recycled Cardboard,Cardboard,Shipping carton,26.34 kg,0.8933333333333335,0.01428571428571429,0.896551724137931,Sustainability Dataset,0.5250050210885719,0.9251997810618501,0.4749949789114281,0.7805784060981684,8,1,6,3,0.525005021088572,0.9130968801313631,0.8952643678160921
Healthcare,Cornstarch Plastic,Bioplastic,Toy casing,37.36 kg,0.05333333333333334,0.6285714285714286,0.0,Sustainability Dataset,0.7463346053424381,0.1415873015873016,0.2536653946575619,0.1487345390321892,5,0,8,3,0.7463346053424382,0.09561904761904763,0.021333333333333336
Furniture,Recycled Cardboard,Cardboard,Packaging box,23.45 kg,0.4666666666666667,0.9285714285714286,0.8793103448275861,Sustainability Dataset,0.4669612371962241,0.4724685276409414,0.5330387628037759,0.4888990398975094,4,1,5,3,0.46696123719622423,0.5526765188834154,0.7142528735632183
Furniture,PLA Bioplastic,Bioplastic,Medical packaging,11.17 kg,0.6400000000000001,0.1714285714285714,0.08620689655172409,Sustainability Dataset,0.2203253665394657,0.5182594417077175,0.7796746334605342,0.6332061667212473,4,0,4,3,0.22032536653946574,0.45619704433497543,0.30772413793103454
Healthcare,Cornstarch Plastic,Bioplastic,Food container,7.01 kg,0.1866666666666667,0.7857142857142856,0.9310344827586206,Carbon Catalogue,0.1367744527013456,0.4439956212370006,0.8632255472986543,0.4925659126843965,5,0,2,0,0.13677445270134564,0.4899376026272578,0.633287356321839
Home Appliances,Bamboo Fiber,Natural Fiber,Packaging box,18.54 kg,0.04000000000000004,0.7714285714285714,0.03448275862068961,OpenLCA Sample,0.3683470576420967,0.1010180623973728,0.6316529423579033,0.2419031076663201,6,3,5,2,0.36834705764209674,0.0755073891625616,0.036689655172413786
Automotive,PLA Bioplastic,Bioplastic,Storage container,21.85 kg,0.3333333333333334,0.657142857142857,0.9310344827586206,Carbon Catalogue,0.4348262703354087,0.5357416529830323,0.5651737296645913,0.4838487800925904,0,0,7,0,0.4348262703354088,0.5743185550082103,0.6919540229885057
Home Appliances,Cotton Fiber,Natural Material,Cosmetic wrap,2.68 kg,0.09333333333333338,0.2714285714285714,0.3793103448275861,OpenLCA Sample,0.04980919863426391,0.4004050355774494,0.9501908013657361,0.4732192546407006,6,4,0,2,0.049809198634263925,0.3347717569786536,0.26491954022988495
Packaging,Bamboo Fiber,Natural Fiber,Medical packaging,30.83 kg,0.7866666666666668,0.04285714285714287,0.05172413793103448,Sustainability Dataset,0.6151837718417352,0.5985112205801861,0.3848162281582648,0.5908493566795538,7,3,4,3,0.6151837718417353,0.526784893267652,0.34570114942528746
Packaging,Recycled Cardboard,Cardboard,Electronic enclosure,29.91 kg,0.05333333333333334,0.5285714285714285,0.3275862068965516,Carbon Catalogue,0.5967061658967664,0.2841160372194855,0.4032938341032336,0.2506345651187643,7,1,1,0,0.5967061658967665,0.2466535303776683,0.2178850574712643
Construction,Aluminum Foil,Metal,Toy casing,33.16 kg,0.9600000000000002,0.01428571428571429,0.7068965517241379,FootprintData,0.6619803173327976,0.8842036124794745,0.3380196826672024,0.7430873497919506,1,2,8,1,0.6619803173327977,0.8639014778325125,0.8081379310344828
Construction,Kraft Paper,Paper,Furniture panel,46.63 kg,0.9733333333333334,0.1142857142857143,0.5344827586206895,Sustainability Dataset,0.9325165695922876,0.7978434592227694,0.06748343040771243,0.6313824128114216,1,5,3,3,0.9325165695922878,0.7802692939244663,0.7100229885057471
Packaging,Recycled Cardboard,Cardboard,Furniture panel,44.15 kg,0.1200000000000001,0.6428571428571428,0.103448275862069,OpenLCA Sample,0.8827073709580237,0.1935303776683087,0.1172926290419763,0.1485999397799164,7,1,3,2,0.8827073709580239,0.1608078817733991,0.11006896551724143
Automotive,Tin Container,Metal,Food container,6.41 kg,0.5333333333333334,0.9285714285714286,0.7758620689655171,FootprintData,0.1247238401285399,0.460207991242474,0.8752761598714601,0.6066660444584276,0,2,2,1,0.12472384012853993,0.5379638752052545,0.6788505747126437
Home Appliances,PLA Bioplastic,Bioplastic,Toy casing,46.71 kg,0.7600000000000002,0.657142857142857,0.2758620689655171,FootprintData,0.9341233179353283,0.4595730706075534,0.06587668206467168,0.431592232862423,6,0,8,1,0.9341233179353285,0.48291625615763556,0.4695172413793104
Automotive,Cotton Fiber,Natural Material,Shipping carton,38.85 kg,0.6266666666666667,0.9428571428571428,0.4310344827586206,Sustainability Dataset,0.7762602932315725,0.3716146688560482,0.2237397067684275,0.4037677795729475,0,4,6,3,0.7762602932315728,0.43450903119868645,0.5092873563218391
Automotive,Recycled Paper,Paper,Electronic enclosure,43.48 kg,0.8400000000000001,0.7142857142857142,0.6551724137931034,FootprintData,0.8692508535850572,0.5936288998357965,0.1307491464149428,0.5286763038588014,0,5,1,1,0.8692508535850574,0.6552118226600987,0.729103448275862
Furniture,PLA Bioplastic,Bioplastic,Shipping carton,9.12 kg,0.08000000000000002,0.2142857142857143,0.7586206896551724,Carbon Catalogue,0.1791524402490459,0.5414449917898193,0.820847559750954,0.486832264641214,4,0,6,0,0.17915244024904592,0.49259113300492613,0.48717241379310344
Healthcare,Tin Container,Metal,Food container,42.39 kg,0.8800000000000001,0.8571428571428572,0.7931034482758621,Sustainability Dataset,0.8473589074111266,0.605320197044335,0.1526410925888734,0.5519204065943961,5,2,2,3,0.8473589074111268,0.6978128078817735,0.8278620689655174
Furniture,Recycled Cardboard,Cardboard,Shipping carton,1.92 kg,0.8666666666666667,0.7714285714285714,0.7586206896551724,Carbon Catalogue,0.03454508937537658,0.6179529282977559,0.9654549106246234,0.7968176445064894,4,1,6,0,0.034545089375376585,0.6958292282430213,0.8018390804597701
Cosmetics,Cotton Fiber,Natural Material,Toy casing,34.89 kg,0.3333333333333334,0.07142857142857142,0.8793103448275861,Sustainability Dataset,0.6967262502510544,0.7137383689107827,0.3032737497489456,0.4764774724889968,2,4,8,3,0.6967262502510545,0.6707717569786535,0.6609195402298851
Packaging,Recycled Cardboard,Cardboard,Packaging box,17.38 kg,0.8400000000000001,0.2142857142857143,0.9482758620689655,Carbon Catalogue,0.3450492066680056,0.8579967159277505,0.6549507933319945,0.7916839243706986,7,1,5,0,0.34504920666800565,0.8724532019704435,0.9049655172413794
Packaging,Bamboo Fiber,Natural Fiber,Packaging box,47.46 kg,0.2933333333333334,0.8,0.0,FootprintData,0.9491865836513356,0.1644444444444444,0.05081341634866443,0.1690218026823771,7,3,5,1,0.9491865836513358,0.15733333333333335,0.11733333333333336
Electronics,Cornstarch Plastic,Bioplastic,Shipping carton,30.62 kg,0.2800000000000001,0.3428571428571429,0.1724137931034482,Carbon Catalogue,0.6109660574412532,0.3698522167487685,0.3890339425587468,0.3486510694671315,3,0,6,0,0.6109660574412533,0.3123940886699508,0.21544827586206897
Furniture,Recycled Paper,Paper,Medical packaging,26.25 kg,0.9200000000000002,0.8142857142857143,0.7758620689655171,Carbon Catalogue,0.5231974292026511,0.627192118226601,0.4768025707973489,0.6699176185298451,4,5,4,0,0.5231974292026512,0.7154876847290641,0.8335172413793104
Healthcare,Aluminum Foil,Metal,Storage container,33.68 kg,0.7733333333333334,0.5285714285714285,0.5,FootprintData,0.6724241815625627,0.5815873015873017,0.3275758184374373,0.5629076661661518,5,2,7,1,0.6724241815625628,0.6036190476190477,0.6093333333333334
Automotive,Recycled Cardboard,Cardboard,Packaging box,12.78 kg,0.4933333333333333,0.4999999999999999,0.189655172413793,OpenLCA Sample,0.2526611769431613,0.3943295019157088,0.7473388230568387,0.5299334476833352,0,1,5,2,0.25266117694316137,0.37319540229885056,0.3111264367816091
Automotive,Tin Container,Metal,Cosmetic wrap,0.21 kg,0.2666666666666667,0.6142857142857143,0.2241379310344827,Sustainability Dataset,0.0002008435428800959,0.2921729611384783,0.9997991564571199,0.4968089313925273,0,2,0,3,0.00020084354288009597,0.2734646962233169,0.2411494252873563
Electronics,Bamboo Fiber,Natural Fiber,Food container,48.97 kg,0.6000000000000001,0.1285714285714286,0.03448275862068961,OpenLCA Sample,0.97951395862623,0.5019704433497537,0.02048604137376997,0.3869339897520325,3,3,2,2,0.9795139586262303,0.42807881773399015,0.2606896551724138
Home Appliances,Tin Container,Metal,Toy casing,35.26 kg,0.16,0.8,0.5172413793103448,Sustainability Dataset,0.7041574613376179,0.2924137931034482,0.2958425386623821,0.2537182788400939,6,2,8,3,0.704157461337618,0.3108965517241379,0.37434482758620685
Furniture,Molded Pulp,Paper,Electronic enclosure,28.75 kg,0.5333333333333334,0.9428571428571428,0.3275862068965516,Carbon Catalogue,0.5734083149226752,0.3060207991242474,0.4265916850773248,0.4103858251728965,4,5,1,0,0.5734083149226753,0.35579638752052545,0.40988505747126436
Furniture,Kraft Paper,Paper,Electronic enclosure,6.53 kg,0.2133333333333334,0.9857142857142858,0.3448275862068966,Carbon Catalogue,0.127133962643101,0.1908155446086481,0.872866037356899,0.4021860290505289,4,5,1,0,0.12713396264310103,0.22612151067323485,0.2922298850574713
Toys,Recycled Paper,Paper,Electronic enclosure,15.69 kg,0.9333333333333336,0.3285714285714286,0.6551724137931034,Sustainability Dataset,0.3111066479212693,0.7533114395183361,0.6888933520787307,0.7879925814309536,8,5,1,3,0.31110664792126935,0.7696880131362891,0.7664367816091955
Construction,Molded Pulp,Paper,Toy casing,34.55 kg,0.3466666666666667,0.1857142857142857,0.1206896551724137,FootprintData,0.689897569793131,0.4272140120415982,0.310102430206869,0.3679163338787,1,5,8,1,0.6898975697931311,0.34979967159277503,0.21108045977011491
Furniture,Kraft Paper,Paper,Packaging box,49.99 kg,0.9466666666666668,0.5428571428571429,0.4482758620689655,Carbon Catalogue,0.9999999999999999,0.6173617952928298,1.110223024625157e-16,0.530944718117132,4,5,5,0,1.0,0.6494055829228244,0.647632183908046
Toys,PLA Bioplastic,Bioplastic,Medical packaging,3.44 kg,0.3466666666666667,0.9714285714285715,0.586206896551724,Sustainability Dataset,0.06507330789315123,0.3204816639299397,0.9349266921068488,0.5126706732040305,8,0,4,3,0.06507330789315124,0.37886371100164196,0.490390804597701
Cosmetics,Aluminum Foil,Metal,Storage container,44.68 kg,0.1466666666666667,0.1714285714285714,0.603448275862069,Carbon Catalogue,0.8933520787306687,0.5262287903667214,0.1066479212693313,0.286485892527488,2,2,7,0,0.8933520787306689,0.46576026272577997,0.4207356321839081
Healthcare,Cotton Fiber,Natural Material,Furniture panel,33.26 kg,0.6266666666666667,0.7,0.189655172413793,FootprintData,0.6639887527615986,0.3721072796934866,0.3360112472384014,0.4376462860489151,5,4,3,1,0.6639887527615987,0.38652873563218393,0.3644597701149425
Home Appliances,Molded Pulp,Paper,Toy casing,37.17 kg,0.1466666666666667,0.7857142857142856,0.3275862068965516,OpenLCA Sample,0.7425185780277164,0.2295128626163109,0.2574814219722836,0.2130495716382095,6,5,8,2,0.7425185780277165,0.2325582922824302,0.25521839080459763
Healthcare,Bamboo Fiber,Natural Fiber,Shipping carton,6.35 kg,0.6800000000000002,0.6142857142857143,0.5344827586206895,OpenLCA Sample,0.1235187788712593,0.5333990147783251,0.8764812211287407,0.6803039722499523,5,3,6,2,0.12351877887125932,0.562935960591133,0.5926896551724138
Construction,Recycled Cardboard,Cardboard,Storage container,11.82 kg,0.36,0.5428571428571429,0.1379310344827586,OpenLCA Sample,0.233380196826672,0.3183579638752053,0.766619803173328,0.4653291265020805,1,1,7,2,0.23338019682667205,0.2906009852216749,0.22675862068965513
Furniture,Recycled Cardboard,Cardboard,Storage container,10.68 kg,0.06666666666666671,0.9714285714285715,0.8275862068965516,OpenLCA Sample,0.210484032938341,0.3076081007115489,0.7895159670616589,0.3798980304031173,4,1,7,2,0.21048403293834106,0.36341543513957303,0.5232183908045976
Toys,Cotton Fiber,Natural Material,Food container,33.25 kg,0.2,0.2,0.7931034482758621,OpenLCA Sample,0.6637879092187186,0.5977011494252874,0.3362120907812814,0.3999440870044994,8,4,2,2,0.6637879092187187,0.5572413793103449,0.5558620689655173
Packaging,Bamboo Fiber,Natural Fiber,Food container,48.56 kg,0.7066666666666668,0.7,0.6379310344827585,OpenLCA Sample,0.9712793733681462,0.548199233716475,0.02872062663185382,0.4398958814761462,7,3,2,2,0.9712793733681464,0.5978390804597702,0.6654252873563218
Packaging,Aluminum Foil,Metal,Medical packaging,48.38 kg,0.6266666666666667,0.4142857142857143,0.03448275862068961,Carbon Catalogue,0.9676641895963044,0.4156212370005473,0.0323358104036956,0.3639492379213276,7,2,4,0,0.9676641895963046,0.3816026272577997,0.2713563218390805
Electronics,Cornstarch Plastic,Bioplastic,Medical packaging,36.06 kg,0.2800000000000001,0.8285714285714285,0.6724137931034482,Sustainability Dataset,0.7202249447680257,0.3746141215106732,0.2797750552319743,0.3177781651738616,3,0,4,3,0.7202249447680258,0.41525123152709364,0.5154482758620689
Furniture,Aluminum Foil,Metal,Storage container,44.83 kg,0.16,0.4714285714285714,0.2586206896551724,FootprintData,0.8963647318738701,0.3157307060755337,0.1036352681261299,0.2053828628680525,4,2,7,1,0.8963647318738703,0.27316256157635466,0.21917241379310343
Electronics,PLA Bioplastic,Bioplastic,Packaging box,25.99 kg,0.09333333333333338,0.6857142857142857,0.6551724137931034,Sustainability Dataset,0.5179754970877686,0.354263820470717,0.4820245029122314,0.3143128790619563,3,0,5,3,0.5179754970877687,0.3622594417077176,0.43043678160919535
Construction,Molded Pulp,Paper,Shipping carton,27.0 kg,0.5066666666666668,0.7714285714285714,0.3103448275862069,OpenLCA Sample,0.5382606949186584,0.3485276409414341,0.4617393050813416,0.4299328479009762,1,5,6,2,0.5382606949186585,0.37251888341543526,0.3888735632183909
Construction,Cotton Fiber,Natural Material,Storage container,43.35 kg,0.8266666666666669,0.0,0.5517241379310345,FootprintData,0.8666398875276159,0.7927969348659004,0.1333601124723841,0.6051268076880755,1,4,7,1,0.8666398875276161,0.7513563218390806,0.6617011494252875
Automotive,Molded Pulp,Paper,Medical packaging,47.37 kg,0.2533333333333334,0.7428571428571429,0.7586206896551724,Sustainability Dataset,0.9473789917654146,0.4230322933771209,0.05262100823458538,0.260999219821224,0,5,4,3,0.9473789917654148,0.4562101806239738,0.5565057471264367
Packaging,Recycled Paper,Paper,Food container,18.42 kg,0.05333333333333334,0.7285714285714286,0.6724137931034482,FootprintData,0.3659369351275357,0.332391899288451,0.6340630648724643,0.3391756791771197,7,5,2,1,0.3659369351275358,0.3445845648604269,0.4247816091954022
Furniture,Bamboo Fiber,Natural Fiber,Medical packaging,19.77 kg,1.0,0.4999999999999999,0.189655172413793,Sustainability Dataset,0.3930508134163486,0.5632183908045977,0.6069491865836514,0.7073721122969345,4,3,4,3,0.39305081341634873,0.5758620689655173,0.5137931034482758
Packaging,PLA Bioplastic,Bioplastic,Toy casing,18.75 kg,0.5866666666666667,0.07142857142857142,0.586206896551724,Carbon Catalogue,0.3725647720425788,0.7004816639299397,0.6274352279574211,0.6444232339592022,7,0,8,0,0.3725647720425789,0.654863711001642,0.5863908045977011
Construction,Recycled Paper,Paper,Storage container,13.07 kg,0.2,0.6285714285714286,0.7241379310344827,Sustainability Dataset,0.258485639686684,0.431855500821018,0.741514360313316,0.455196508422402,1,5,7,3,0.25848563968668403,0.4439408866995074,0.5144827586206896
Healthcare,Bamboo Fiber,Natural Fiber,Storage container,42.14 kg,0.32,0.7714285714285714,0.8103448275862069,Carbon Catalogue,0.8423378188391243,0.4529720853858785,0.1576621811608757,0.3244874885026141,5,3,7,0,0.8423378188391245,0.49785221674876845,0.6142068965517241
Healthcare,Recycled Cardboard,Cardboard,Toy casing,19.83 kg,0.6400000000000001,0.5285714285714285,0.7068965517241379,FootprintData,0.3942558746736292,0.6061083743842365,0.6057441253263709,0.6161665873516059,5,1,8,1,0.3942558746736293,0.6330443349753696,0.6801379310344828
Healthcare,Cotton Fiber,Natural Material,Electronic enclosure,47.08 kg,0.6800000000000002,0.8857142857142857,0.7068965517241379,OpenLCA Sample,0.9415545290218919,0.5003940886699508,0.05844547097810815,0.4216912767614128,5,4,1,2,0.9415545290218921,0.5776157635467982,0.6961379310344828
Automotive,Cornstarch Plastic,Bioplastic,Shipping carton,12.37 kg,0.9866666666666668,0.4857142857142857,0.4655172413793103,FootprintData,0.2444265916850773,0.6554898741105638,0.7555734083149227,0.7848679721387024,0,0,6,1,0.24442659168507735,0.6837307060755337,0.6739770114942529
Packaging,Cotton Fiber,Natural Material,Toy casing,25.59 kg,0.2533333333333334,0.7,0.9655172413793103,Carbon Catalogue,0.5099417553725647,0.5062835249042146,0.4900582446274353,0.4255308833499165,7,4,8,0,0.5099417553725648,0.5475402298850576,0.6806436781609195
Automotive,Bamboo Fiber,Natural Fiber,Furniture panel,12.14 kg,0.1733333333333333,0.3,0.5689655172413792,OpenLCA Sample,0.2398071901988351,0.4807662835249042,0.7601928098011649,0.4723643563503111,0,3,3,2,0.23980719019883515,0.436919540229885,0.41071264367816085
Toys,Cornstarch Plastic,Bioplastic,Shipping carton,13.76 kg,0.04000000000000004,0.6428571428571428,0.396551724137931,Carbon Catalogue,0.2723438441454107,0.2645648604269294,0.7276561558545893,0.3361227909271486,8,0,6,0,0.27234384414541074,0.24604926108374386,0.2539310344827586
Healthcare,Aluminum Foil,Metal,Packaging box,37.74 kg,0.5733333333333335,0.7,0.5344827586206895,Carbon Catalogue,0.7539666599718818,0.469272030651341,0.2460333400281182,0.4335188142689719,5,2,5,0,0.7539666599718821,0.5031264367816093,0.550022988505747
Packaging,Cornstarch Plastic,Bioplastic,Cosmetic wrap,0.2 kg,0.52,0.6285714285714286,0.1206896551724137,Carbon Catalogue,0.0,0.3373727422003284,1.0,0.5909490968801313,7,0,0,0,0.0,0.3305615763546798,0.2804137931034482
Cosmetics,Recycled Cardboard,Cardboard,Food container,42.34 kg,0.05333333333333334,0.4,0.8275862068965516,OpenLCA Sample,0.8463546896967262,0.493639846743295,0.1536453103032738,0.2595495317883001,2,1,2,2,0.8463546896967264,0.472367816091954,0.5178850574712642
Electronics,Molded Pulp,Paper,Storage container,29.42 kg,0.09333333333333338,0.8857142857142857,0.482758620689655,Carbon Catalogue,0.5868648322956417,0.2301258894362342,0.4131351677043583,0.2439909060858012,3,5,7,0,0.5868648322956418,0.25329392446633825,0.32698850574712635
Electronics,Kraft Paper,Paper,Medical packaging,20.71 kg,0.44,0.4,0.4655172413793103,OpenLCA Sample,0.4119301064470777,0.5018390804597701,0.5880698935529223,0.5091566002497847,3,5,4,2,0.41193010644707784,0.4822068965517241,0.45531034482758614
Packaging,PLA Bioplastic,Bioplastic,Food container,36.54 kg,0.02666666666666667,0.5571428571428572,0.5172413793103448,Carbon Catalogue,0.7298654348262703,0.3289217296113847,0.2701345651737297,0.2206090613966728,7,0,2,0,0.7298654348262704,0.30613464696223314,0.3210114942528735
Cosmetics,Recycled Cardboard,Cardboard,Shipping carton,47.92 kg,0.02666666666666667,0.8285714285714285,0.6896551724137931,Carbon Catalogue,0.95842538662382,0.2959168035030104,0.04157461337617996,0.1388391054140582,2,1,6,0,0.9584253866238203,0.32081444991789826,0.4244597701149425
Healthcare,PLA Bioplastic,Bioplastic,Packaging box,44.27 kg,0.4133333333333334,0.3428571428571429,1.0,Carbon Catalogue,0.8851174934725848,0.6901587301587302,0.1148825065274152,0.4345282440217166,5,0,5,0,0.8851174934725851,0.6967619047619048,0.7653333333333333
Healthcare,Recycled Paper,Paper,Food container,23.81 kg,0.7600000000000002,0.6142857142857143,0.06896551724137923,OpenLCA Sample,0.4741916047399076,0.4048932676518884,0.5258083952600925,0.5476998256387832,5,5,2,2,0.47419160473990773,0.4087290640394089,0.34537931034482766
Packaging,Tin Container,Metal,Furniture panel,14.06 kg,0.2,0.4857142857142857,0.8275862068965516,Sustainability Dataset,0.2783691504318136,0.5139573070607553,0.7216308495681865,0.482072177694758,7,2,3,3,0.27836915043181365,0.5138916256157635,0.576551724137931
Furniture,PLA Bioplastic,Bioplastic,Packaging box,13.21 kg,0.36,0.9571428571428571,0.1206896551724137,Carbon Catalogue,0.2612974492870054,0.1745155993431856,0.7387025507129945,0.3994170049511726,4,0,5,0,0.26129744928700543,0.20084729064039405,0.21641379310344822
Construction,Bamboo Fiber,Natural Fiber,Cosmetic wrap,44.23 kg,0.6000000000000001,0.5857142857142856,0.7586206896551724,FootprintData,0.8843141193010643,0.5909688013136289,0.1156858806989357,0.4510932847351323,1,3,0,1,0.8843141193010645,0.6263054187192119,0.6951724137931035
Toys,Kraft Paper,Paper,Storage container,36.94 kg,0.7866666666666668,0.5714285714285714,0.8275862068965516,FootprintData,0.7378991765414741,0.6809414340448824,0.2621008234585259,0.5870068206555108,8,5,7,1,0.7378991765414742,0.7314154351395732,0.8112183908045977
Home Appliances,Recycled Paper,Paper,Storage container,16.52 kg,0.5866666666666667,0.1142857142857143,0.2241379310344827,Sustainability Dataset,0.3277766619803173,0.5655062944718117,0.6722233380196827,0.6038695191946295,6,5,7,3,0.32777666198031735,0.5014646962233169,0.3691494252873563
Toys,Cornstarch Plastic,Bioplastic,Food container,3.26 kg,0.7866666666666668,0.08571428571428572,0.3448275862068966,OpenLCA Sample,0.06145812412130949,0.6819266557197592,0.9385418758786905,0.7903332250515109,8,0,2,2,0.06145812412130951,0.6354548440065683,0.5215632183908047
Cosmetics,Tin Container,Metal,Electronic enclosure,3.36 kg,0.01333333333333336,0.9142857142857144,0.4137931034482758,Sustainability Dataset,0.06346655955011046,0.1709469074986316,0.9365334404498895,0.3533387951344195,2,2,1,3,0.06346655955011048,0.18799343185550083,0.2536091954022988
Packaging,Tin Container,Metal,Packaging box,17.35 kg,0.1333333333333334,0.01428571428571429,0.2068965517241379,OpenLCA Sample,0.3444466760393654,0.4419813902572523,0.6555533239606346,0.4134585532910913,7,2,5,2,0.34444667603936546,0.3332348111658457,0.17747126436781607
Toys,Bamboo Fiber,Natural Fiber,Food container,0.29 kg,0.3733333333333334,0.07142857142857142,0.2586206896551724,Carbon Catalogue,0.001807591885920867,0.5201751505199781,0.9981924081140792,0.619527782642215,8,3,2,0,0.0018075918859208674,0.43849589490968804,0.3045057471264368
Furniture,Aluminum Foil,Metal,Electronic enclosure,10.06 kg,0.16,0.7857142857142856,0.7068965517241379,Sustainability Dataset,0.1980317332797751,0.3603940886699508,0.8019682667202249,0.4327481154840478,4,2,1,3,0.19803173327977516,0.38961576354679806,0.4881379310344827
Home Appliances,Cotton Fiber,Natural Material,Electronic enclosure,23.54 kg,0.4666666666666667,0.3,0.4482758620689655,Carbon Catalogue,0.468768829082145,0.5383141762452107,0.531231170917855,0.5146950217734407,6,4,1,0,0.4687688290821451,0.5059770114942529,0.45563218390804594
Automotive,Cotton Fiber,Natural Material,Food container,27.71 kg,0.6666666666666667,0.1,0.3275862068965516,FootprintData,0.5525205864631452,0.6314176245210729,0.4474794135368548,0.5868108738694856,0,4,2,1,0.5525205864631453,0.5777011494252874,0.4632183908045977
Cosmetics,Recycled Cardboard,Cardboard,Cosmetic wrap,12.89 kg,0.8133333333333335,0.9857142857142858,0.189655172413793,Sustainability Dataset,0.2548704559148423,0.3390914066776136,0.7451295440851577,0.6031754258965928,2,1,0,3,0.25487045591484236,0.4040525451559935,0.43912643678160923
Healthcare,Cornstarch Plastic,Bioplastic,Furniture panel,4.11 kg,0.72,0.2142857142857143,0.9310344827586206,Sustainability Dataset,0.0785298252661177,0.8122495894909688,0.9214701747338823,0.8173408882165522,5,0,3,3,0.07852982526611771,0.8175566502463053,0.8466206896551722
Home Appliances,PLA Bioplastic,Bioplastic,Electronic enclosure,3.5 kg,0.7466666666666668,0.1285714285714286,0.2413793103448275,Sustainability Dataset,0.06627836915043181,0.6198248494800219,0.9337216308495682,0.7520464290468791,6,0,1,3,0.06627836915043182,0.569504105090312,0.44349425287356325
Furniture,PLA Bioplastic,Bioplastic,Food container,3.62 kg,0.6000000000000001,0.07142857142857142,0.6896551724137931,FootprintData,0.06868849166499297,0.739408866995074,0.931311508335007,0.7551569992985318,4,0,2,1,0.06868849166499298,0.7015763546798031,0.6537931034482759
Electronics,Recycled Paper,Paper,Cosmetic wrap,44.08 kg,0.7466666666666668,0.3285714285714286,0.8275862068965516,FootprintData,0.8813014661578629,0.74856048166393,0.1186985338421371,0.5590337528182132,3,5,0,1,0.8813014661578631,0.7639868637110017,0.7952183908045977
Home Appliances,Molded Pulp,Paper,Food container,17.46 kg,0.3466666666666667,0.5714285714285714,0.1724137931034482,OpenLCA Sample,0.3466559550110464,0.3158839627805145,0.6533440449889536,0.4263567986088919,6,5,2,2,0.34665595501104646,0.2933464696223317,0.2421149425287356
Cosmetics,Kraft Paper,Paper,Furniture panel,49.59 kg,0.4133333333333334,0.4857142857142857,0.4137931034482758,OpenLCA Sample,0.9919662582847961,0.4471373836891078,0.00803374171520388,0.3052650759902043,2,5,3,2,0.9919662582847963,0.43370771756978654,0.4136091954022988
Construction,Cornstarch Plastic,Bioplastic,Furniture panel,20.24 kg,0.8800000000000001,0.8285714285714285,0.6379310344827585,Carbon Catalogue,0.4024904599317131,0.56311986863711,0.5975095400682868,0.6685008094753301,1,0,3,0,0.40249045993171323,0.6414581280788177,0.7347586206896551
Automotive,Recycled Cardboard,Cardboard,Medical packaging,1.38 kg,0.2133333333333334,0.2428571428571428,0.2241379310344827,FootprintData,0.02369953805985137,0.3982047071702244,0.9763004619401486,0.5161720214501344,0,1,4,1,0.023699538059851376,0.3264170771756979,0.219816091954023
Home Appliances,Cotton Fiber,Natural Material,Storage container,44.15 kg,0.8133333333333335,0.05714285714285713,0.6206896551724137,FootprintData,0.8827073709580237,0.7922933771209634,0.1172926290419763,0.5961051395609783,6,4,7,1,0.8827073709580239,0.7621806239737275,0.6977471264367816
Automotive,Cornstarch Plastic,Bioplastic,Toy casing,1.58 kg,0.32,0.3571428571428572,0.4310344827586206,Carbon Catalogue,0.0277164089174533,0.4646305418719212,0.9722835910825467,0.5735372940735325,0,0,8,0,0.027716408917453306,0.42898522167487685,0.3866206896551724
Packaging,Molded Pulp,Paper,Electronic enclosure,13.61 kg,0.6666666666666667,0.2714285714285714,0.05172413793103448,FootprintData,0.2693311910022093,0.48232074438971,0.7306688089977907,0.6121289404552213,7,5,1,1,0.26933119100220937,0.43307060755336624,0.2977011494252874
Cosmetics,Recycled Paper,Paper,Electronic enclosure,15.53 kg,0.4666666666666667,0.3714285714285714,0.7241379310344827,FootprintData,0.3078931512351877,0.6064586754241926,0.6921068487648123,0.5902155247991208,2,5,1,1,0.30789315123518773,0.6020361247947454,0.6211494252873563
Healthcare,Recycled Cardboard,Cardboard,Packaging box,45.71 kg,0.6133333333333333,0.7285714285714286,0.8103448275862069,FootprintData,0.9140389636473187,0.5650355774493705,0.08596103635268126,0.4358025418855526,5,1,5,1,0.914038963647319,0.6237569786535303,0.7315402298850574
Packaging,Recycled Cardboard,Cardboard,Storage container,13.69 kg,0.7066666666666668,0.01428571428571429,0.7758620689655171,Carbon Catalogue,0.27093793934525,0.8227476737821565,0.72906206065475,0.7598176877092877,7,1,7,0,0.27093793934525007,0.7901543513957308,0.748183908045977
Automotive,Recycled Cardboard,Cardboard,Electronic enclosure,9.51 kg,0.06666666666666671,0.2,0.4310344827586206,Carbon Catalogue,0.1869853384213697,0.4325670498084291,0.8130146615786302,0.4369312183969607,0,1,1,0,0.18698533842136972,0.359080459770115,0.28528735632183905
Electronics,Cornstarch Plastic,Bioplastic,Storage container,33.16 kg,0.6666666666666667,0.4142857142857143,0.03448275862068961,OpenLCA Sample,0.6619803173327976,0.4289545703338806,0.3380196826672024,0.472987732933713,3,0,7,2,0.6619803173327977,0.3976026272577997,0.2873563218390805
Construction,Aluminum Foil,Metal,Packaging box,37.48 kg,0.8933333333333335,0.8714285714285714,0.7758620689655171,Sustainability Dataset,0.7487447278569993,0.5992556102900931,0.2512552721430007,0.5830788257589374,1,2,5,3,0.7487447278569994,0.693392446633826,0.8228505747126438
Electronics,Molded Pulp,Paper,Furniture panel,0.9 kg,0.72,0.4714285714285714,0.293103448275862,FootprintData,0.01405904800160675,0.5138916256157636,0.9859409519983933,0.7173389358458234,3,5,3,1,0.014059048001606754,0.5109556650246305,0.4638620689655172
Healthcare,PLA Bioplastic,Bioplastic,Storage container,14.75 kg,0.5333333333333334,0.5714285714285714,0.8103448275862069,OpenLCA Sample,0.2922273548905402,0.5907498631636563,0.7077726451094597,0.6086317387983005,5,0,7,2,0.29222735489054025,0.6231855500821019,0.6995402298850575
Cosmetics,PLA Bioplastic,Bioplastic,Toy casing,11.46 kg,0.56,0.2428571428571428,0.6896551724137931,Carbon Catalogue,0.2261498292829885,0.6689326765188834,0.7738501707170115,0.6677281218226568,2,0,8,0,0.22614982928298855,0.6512906403940888,0.6377931034482759
Construction,Molded Pulp,Paper,Electronic enclosure,24.08 kg,1.0,0.6428571428571428,0.3448275862068966,OpenLCA Sample,0.4796143803976701,0.5673234811165847,0.5203856196023299,0.683045078327333,1,5,1,2,0.47961438039767024,0.6093596059113301,0.6068965517241379
Home Appliances,Cornstarch Plastic,Bioplastic,Food container,2.58 kg,0.2266666666666667,0.2714285714285714,0.2241379310344827,Sustainability Dataset,0.04780076320546294,0.3931253420908593,0.9521992367945371,0.5109099078747048,6,0,2,3,0.047800763205462955,0.32603612479474553,0.22514942528735632
Home Appliances,Cotton Fiber,Natural Material,Shipping carton,34.77 kg,0.5733333333333335,0.3142857142857143,0.189655172413793,OpenLCA Sample,0.6943161277364933,0.4829009304871374,0.3056838722635067,0.456865533873907,6,4,6,2,0.6943161277364934,0.4423382594417078,0.3431264367816092
Electronics,Recycled Cardboard,Cardboard,Food container,45.46 kg,0.6400000000000001,0.4,0.5172413793103448,OpenLCA Sample,0.9090178750753163,0.5857471264367816,0.09098212492468372,0.4535934880521179,3,1,2,2,0.9090178750753165,0.582896551724138,0.5663448275862069
Automotive,Recycled Paper,Paper,Furniture panel,28.94 kg,0.2266666666666667,0.0,0.3793103448275861,Carbon Catalogue,0.577224342237397,0.5353256704980842,0.422775657762603,0.4089629655280146,0,5,3,0,0.5772243422373972,0.44239080459770114,0.3182528735632183
Furniture,Bamboo Fiber,Natural Fiber,Shipping carton,40.99 kg,0.8800000000000001,0.5714285714285714,0.4137931034482758,FootprintData,0.8192408114079132,0.5741215106732348,0.1807591885920868,0.5478763608469199,4,3,6,1,0.8192408114079134,0.6032315270935962,0.6002758620689655
Furniture,Cotton Fiber,Natural Material,Food container,6.35 kg,0.4666666666666667,0.4428571428571429,0.4310344827586206,FootprintData,0.1235187788712593,0.4849480021893815,0.8764812211287407,0.5969235672143749,4,4,2,1,0.12351877887125932,0.47050903119868637,0.445287356321839
Cosmetics,Tin Container,Metal,Food container,1.54 kg,0.2933333333333334,0.4428571428571429,0.896551724137931,Sustainability Dataset,0.02691303474593292,0.5823426382047072,0.9730869652540671,0.612863144858103,2,2,2,3,0.026913034745932925,0.5873825944170772,0.655264367816092
Construction,Recycled Paper,Paper,Packaging box,21.22 kg,0.9466666666666668,0.2428571428571428,0.9137931034482758,FootprintData,0.4221731271339626,0.8725342090859333,0.5778268728660374,0.8063617454941846,1,5,5,1,0.4221731271339627,0.8956124794745486,0.9269425287356322
Packaging,Recycled Paper,Paper,Electronic enclosure,33.51 kg,0.8,0.3714285714285714,0.9482758620689655,Sustainability Dataset,0.669009841333601,0.7922824302134647,0.330990158666399,0.6562100196853056,7,5,1,3,0.6690098413336011,0.825024630541872,0.8889655172413794
Furniture,Aluminum Foil,Metal,Toy casing,36.39 kg,0.8533333333333335,0.3,0.1551724137931034,FootprintData,0.7268527816830689,0.5695019157088123,0.2731472183169311,0.5657449317786043,4,2,8,1,0.726852781683069,0.5434022988505748,0.43443678160919547
Automotive,Recycled Paper,Paper,Shipping carton,12.69 kg,0.72,0.1428571428571428,0.293103448275862,Carbon Catalogue,0.2508535850572404,0.623415435139573,0.7491464149427596,0.690110098538657,0,5,6,0,0.2508535850572405,0.5766699507389162,0.4638620689655172
Healthcare,Molded Pulp,Paper,Food container,26.11 kg,0.1733333333333333,0.6142857142857143,0.982758620689655,FootprintData,0.5203856196023298,0.513935413245758,0.4796143803976702,0.4014584794176042,5,5,2,1,0.5203856196023299,0.5395796387520525,0.6589885057471263
Home Appliances,Kraft Paper,Paper,Medical packaging,48.37 kg,0.4533333333333334,0.5571428571428572,0.4482758620689655,Sustainability Dataset,0.9674633460534242,0.4481554460864806,0.03253665394657579,0.325023174618565,6,5,4,3,0.9674633460534244,0.44921510673234816,0.45029885057471264
Home Appliances,Molded Pulp,Paper,Medical packaging,11.16 kg,0.9866666666666668,0.3714285714285714,0.3103448275862069,Sustainability Dataset,0.2201245229965856,0.6418609742747674,0.7798754770034144,0.7867070328109314,6,5,4,3,0.22012452299658566,0.6445188834154352,0.5808735632183909
Construction,Recycled Paper,Paper,Electronic enclosure,47.59 kg,0.9333333333333336,0.1571428571428571,0.603448275862069,Sustainability Dataset,0.9517975497087768,0.7932129173508485,0.04820245029122316,0.6117459020277065,1,5,1,3,0.9517975497087771,0.7832840722495896,0.7354022988505748
Automotive,Recycled Cardboard,Cardboard,Cosmetic wrap,40.41 kg,0.05333333333333334,0.2428571428571428,0.4482758620689655,Sustainability Dataset,0.8075918859208675,0.419584017515052,0.1924081140791325,0.2415560412297606,0,1,0,3,0.8075918859208677,0.352072249589491,0.2902988505747126
Packaging,Cotton Fiber,Natural Material,Electronic enclosure,2.23 kg,0.4133333333333334,0.5571428571428572,0.8448275862068966,Carbon Catalogue,0.04077123920465957,0.5670060207991242,0.9592287607953405,0.6385710365582519,7,4,1,0,0.040771239204659575,0.5918357963875205,0.6722298850574713
Healthcare,Molded Pulp,Paper,Packaging box,11.17 kg,0.4933333333333333,0.657142857142857,0.3275862068965516,Carbon Catalogue,0.2203253665394657,0.3879255610290093,0.7796746334605342,0.5370726144497641,5,5,5,0,0.22032536653946574,0.3969392446633826,0.3938850574712643
Packaging,Cotton Fiber,Natural Material,Medical packaging,14.39 kg,0.2666666666666667,0.8142857142857143,0.6379310344827585,Sustainability Dataset,0.2849969873468568,0.3634373289545703,0.7150030126531433,0.4398758353777711,7,4,4,3,0.28499698734685686,0.39898193760262723,0.48942528735632174
Construction,Aluminum Foil,Metal,Furniture panel,21.56 kg,0.8,0.4285714285714285,0.9655172413793103,Carbon Catalogue,0.4290018075918858,0.7789819376026271,0.5709981924081142,0.7228922327634851,1,2,3,0,0.4290018075918859,0.8204926108374385,0.8993103448275862
Furniture,Kraft Paper,Paper,Storage container,13.8 kg,0.6533333333333333,0.2285714285714286,0.482758620689655,OpenLCA Sample,0.2731472183169311,0.6358401751505199,0.7268527816830689,0.6683919045651286,4,5,7,2,0.2731472183169312,0.6087224958949097,0.5509885057471264
Healthcare,Bamboo Fiber,Natural Fiber,Cosmetic wrap,9.79 kg,0.5733333333333335,0.9571428571428571,0.4482758620689655,FootprintData,0.1926089576220124,0.3548221127531473,0.8073910423779875,0.5561461578146552,5,3,0,1,0.19260895762201247,0.4172151067323482,0.4982988505747127
Electronics,PLA Bioplastic,Bioplastic,Shipping carton,4.56 kg,0.2933333333333334,0.9714285714285715,0.9482758620689655,OpenLCA Sample,0.08756778469572202,0.4233935413245758,0.912432215304278,0.5310870811211137,3,0,6,2,0.08756778469572203,0.5023579638752053,0.6862988505747127
Toys,PLA Bioplastic,Bioplastic,Electronic enclosure,37.61 kg,0.3466666666666667,0.5142857142857142,0.603448275862069,OpenLCA Sample,0.7513556939144406,0.4786097427476738,0.2486443060855594,0.3700371889247374,8,0,1,2,0.7513556939144408,0.4771888341543514,0.500735632183908
Packaging,Molded Pulp,Paper,Furniture panel,21.05 kg,0.2533333333333334,0.04285714285714287,0.01724137931034475,Carbon Catalogue,0.418758786905001,0.4092391899288451,0.5812412130949991,0.4140680399000378,7,5,3,0,0.4187587869050011,0.2996584564860427,0.11167816091954022
Cosmetics,Molded Pulp,Paper,Medical packaging,43.22 kg,0.1333333333333334,0.2571428571428571,0.1379310344827586,Sustainability Dataset,0.8640289214701746,0.3380405035577449,0.1359710785298254,0.2160075249820456,2,5,4,3,0.8640289214701748,0.25707717569786537,0.13609195402298851
Healthcare,Tin Container,Metal,Furniture panel,12.5 kg,0.7066666666666668,0.2571428571428571,0.3793103448275861,FootprintData,0.2470375577425186,0.6096113847837986,0.7529624422574814,0.6817332865907639,5,2,3,1,0.24703755774251865,0.5829622331691298,0.5102528735632184
Cosmetics,Cornstarch Plastic,Bioplastic,Shipping carton,42.03 kg,0.7866666666666668,0.4285714285714285,0.7241379310344827,FootprintData,0.8401285398674432,0.6940777230432403,0.1598714601325568,0.5615925272570632,2,0,6,1,0.8401285398674434,0.7186075533661742,0.7491494252873563
Automotive,Kraft Paper,Paper,Storage container,27.82 kg,0.7733333333333334,0.02857142857142858,0.06896551724137923,OpenLCA Sample,0.5547298654348263,0.6045758073344281,0.4452701345651737,0.6074113633033233,0,5,7,2,0.5547298654348264,0.5312052545155994,0.35071264367816096
Home Appliances,Aluminum Foil,Metal,Cosmetic wrap,2.2 kg,0.4000000000000001,0.2857142857142857,0.482758620689655,FootprintData,0.04016870857601929,0.5323481116584564,0.9598312914239807,0.6208886320905768,6,2,0,1,0.0401687085760193,0.49596059113300495,0.44965517241379305
Furniture,Molded Pulp,Paper,Furniture panel,8.3 kg,0.9066666666666667,0.7,0.5172413793103448,Carbon Catalogue,0.1626832697328781,0.5746360153256705,0.837316730267122,0.7530494252104049,4,5,3,0,0.16268326973287814,0.6295632183908046,0.6730114942528735
Cosmetics,Bamboo Fiber,Natural Fiber,Electronic enclosure,17.68 kg,0.04000000000000004,0.2142857142857143,0.586206896551724,OpenLCA Sample,0.3510745129544085,0.4706403940886699,0.6489254870455915,0.3949338037491454,2,3,1,2,0.35107451295440856,0.4076256157635468,0.36772413793103437
Automotive,Kraft Paper,Paper,Cosmetic wrap,5.49 kg,0.16,0.2571428571428571,0.06896551724137923,Sustainability Dataset,0.106246234183571,0.3239408866995074,0.893753765816429,0.4457024844247316,0,5,0,3,0.10624623418357103,0.24015763546798027,0.10537931034482753
Toys,Recycled Paper,Paper,Shipping carton,22.57 kg,0.2933333333333334,0.04285714285714287,0.8275862068965516,FootprintData,0.4492870054227756,0.692687465790914,0.5507129945772244,0.530288884689533,8,5,6,1,0.4492870054227757,0.6397963875205255,0.6138850574712643
Automotive,Tin Container,Metal,Furniture panel,16.08 kg,0.72,0.7857142857142856,0.586206896551724,Sustainability Dataset,0.318939546093593,0.5068308702791461,0.6810604539064069,0.6230504842835805,0,2,3,3,0.31893954609359304,0.5653399014778325,0.6397241379310343
Packaging,Recycled Paper,Paper,Toy casing,4.77 kg,0.6133333333333333,0.3571428571428572,0.6379310344827585,OpenLCA Sample,0.09178549909620405,0.6313738368910782,0.908214500903796,0.70901388502757,7,5,8,2,0.09178549909620407,0.6290771756978653,0.6280919540229883
Construction,Molded Pulp,Paper,Packaging box,33.72 kg,0.16,0.8,0.9655172413793103,OpenLCA Sample,0.6732275557340831,0.4418390804597701,0.3267724442659169,0.3227673654636831,1,5,5,2,0.6732275557340832,0.4902068965517241,0.6433103448275861
Construction,Recycled Cardboard,Cardboard,Cosmetic wrap,21.62 kg,0.3466666666666667,0.6142857142857143,0.1379310344827586,Carbon Catalogue,0.4302068688491665,0.290103995621237,0.5697931311508335,0.3909795375937449,1,1,0,0,0.4302068688491666,0.2709819376026273,0.22142528735632183
Electronics,Bamboo Fiber,Natural Fiber,Cosmetic wrap,12.23 kg,0.4666666666666667,0.5428571428571429,0.6379310344827585,Sustainability Dataset,0.241614782084756,0.5205801860974274,0.758385217915244,0.5757476398135442,3,3,0,3,0.24161478208475606,0.5332676518883415,0.5694252873563217
Furniture,Bamboo Fiber,Natural Fiber,Cosmetic wrap,38.83 kg,0.3466666666666667,0.8857142857142857,0.6896551724137931,OpenLCA Sample,0.7758586061458124,0.3835358511220581,0.2241413938541876,0.3246567586050795,4,3,0,2,0.7758586061458126,0.4373858784893268,0.5524597701149425
Healthcare,Recycled Cardboard,Cardboard,Medical packaging,17.39 kg,0.8533333333333335,0.7428571428571429,0.103448275862069,FootprintData,0.3452500502108857,0.4046414887794199,0.6547499497891143,0.6142815804485022,5,1,4,1,0.34525005021088573,0.4341412151067325,0.4034022988505748
Cosmetics,Kraft Paper,Paper,Shipping carton,13.97 kg,0.3866666666666667,0.1714285714285714,0.5689655172413792,FootprintData,0.2765615585458927,0.5947345374931582,0.7234384414541073,0.5709253474334954,2,5,6,1,0.27656155854589276,0.5479671592775042,0.4960459770114942
Healthcare,Recycled Cardboard,Cardboard,Food container,27.94 kg,0.52,0.9857142857142858,0.6896551724137931,OpenLCA Sample,0.5571399879493873,0.4079802955665024,0.4428600120506127,0.4520501218417848,5,1,2,2,0.5571399879493875,0.48671921182266015,0.6217931034482759
Cosmetics,PLA Bioplastic,Bioplastic,Medical packaging,34.52 kg,0.24,0.9857142857142858,0.2586206896551724,OpenLCA Sample,0.6892950391644909,0.1709688013136289,0.3107049608355091,0.2335990087761043,2,0,4,2,0.689295039164491,0.2023054187192118,0.2511724137931034
Packaging,Tin Container,Metal,Storage container,21.52 kg,0.9200000000000002,0.1142857142857143,0.603448275862069,Sustainability Dataset,0.4281984334203655,0.8030541871921182,0.5718015665796345,0.7687621448507377,7,2,7,3,0.4281984334203656,0.7865221674876849,0.7300689655172414
Home Appliances,Recycled Cardboard,Cardboard,Furniture panel,9.16 kg,0.04000000000000004,0.3857142857142857,0.9137931034482758,Sustainability Dataset,0.1799558144205664,0.5226929392446634,0.8200441855794336,0.4670904313716955,6,1,3,3,0.17995581442056643,0.5043743842364532,0.5642758620689655
Home Appliances,Cornstarch Plastic,Bioplastic,Toy casing,33.16 kg,0.5733333333333335,0.7,0.6551724137931034,OpenLCA Sample,0.6619803173327976,0.5095019157088123,0.3380196826672024,0.4772066710836857,6,0,8,2,0.6619803173327977,0.5514022988505748,0.6224367816091954
Toys,Cornstarch Plastic,Bioplastic,Packaging box,38.96 kg,0.3333333333333334,0.2,0.103448275862069,Sustainability Dataset,0.7784695722032536,0.4122605363984675,0.2215304277967464,0.331363342898411,8,0,5,3,0.7784695722032539,0.334712643678161,0.19540229885057478
Home Appliances,Kraft Paper,Paper,Food container,49.65 kg,0.8800000000000001,0.2857142857142857,0.6206896551724137,FootprintData,0.9931713195420766,0.7383251231527094,0.006828680457923397,0.5613786533984608,6,5,2,1,0.9931713195420768,0.7431330049261085,0.7244137931034482
Home Appliances,Bamboo Fiber,Natural Fiber,Cosmetic wrap,25.58 kg,0.3733333333333334,0.7714285714285714,0.2241379310344827,Sustainability Dataset,0.5097409118296846,0.2753475643130815,0.4902590881703154,0.3692167521763272,6,3,0,3,0.5097409118296847,0.2847027914614122,0.283816091954023
Toys,Molded Pulp,Paper,Storage container,5.28 kg,0.36,0.9142857142857144,0.603448275862069,Carbon Catalogue,0.102028519783089,0.3497208538587849,0.897971480216911,0.5172797856085872,8,5,7,0,0.10202851978308902,0.4025221674876847,0.5060689655172413
Packaging,PLA Bioplastic,Bioplastic,Storage container,28.26 kg,0.9466666666666668,0.3571428571428572,0.6896551724137931,OpenLCA Sample,0.5635669813215505,0.7597263273125342,0.4364330186784495,0.7188204365285487,7,0,7,2,0.5635669813215506,0.7831001642036126,0.7924597701149425
Construction,Aluminum Foil,Metal,Shipping carton,22.07 kg,0.04000000000000004,0.7857142857142856,0.9482758620689655,FootprintData,0.4392448282787708,0.4008538587848933,0.5607551717212291,0.3405680950303261,1,2,6,1,0.4392448282787709,0.43816748768472913,0.5849655172413794
Home Appliances,Recycled Cardboard,Cardboard,Electronic enclosure,1.56 kg,0.16,0.5285714285714285,0.6206896551724137,FootprintData,0.02731472183169311,0.4173727422003284,0.9726852781683069,0.5067546803306234,6,1,1,1,0.027314721831693117,0.4065615763546798,0.4364137931034482
Cosmetics,Bamboo Fiber,Natural Fiber,Furniture panel,7.5 kg,0.2266666666666667,0.4428571428571429,0.7586206896551724,FootprintData,0.1466157863024704,0.514143404488232,0.8533842136975296,0.5296726259045517,2,3,3,1,0.14661578630247044,0.505543513957307,0.5458390804597701
Construction,Recycled Paper,Paper,Cosmetic wrap,12.89 kg,0.02666666666666667,0.1285714285714286,0.4482758620689655,Carbon Catalogue,0.2548704559148423,0.4487903667214012,0.7451295440851577,0.4110550099141078,1,5,0,0,0.25487045591484236,0.3642627257799672,0.27963218390804595
Packaging,PLA Bioplastic,Bioplastic,Cosmetic wrap,44.64 kg,0.2133333333333334,0.3142857142857143,0.4137931034482758,Sustainability Dataset,0.8925487045591484,0.4376135741652983,0.1074512954408516,0.2712808182983748,7,0,0,3,0.8925487045591486,0.38799343185550084,0.33360919540229883
Packaging,Tin Container,Metal,Toy casing,5.99 kg,0.6133333333333333,0.3857142857142857,0.189655172413793,Carbon Catalogue,0.1162884113275758,0.4724247400109469,0.8837115886724242,0.6380833726061059,7,2,8,0,0.11628841132757582,0.4440525451559934,0.3591264367816091
Cosmetics,Tin Container,Metal,Storage container,6.19 kg,0.5866666666666667,0.6714285714285715,0.05172413793103448,Carbon Catalogue,0.1203052821851777,0.3223207443897099,0.8796947178148222,0.5688367131003307,2,2,7,0,0.12030528218517773,0.3210706075533662,0.2657011494252874
Construction,Kraft Paper,Paper,Food container,14.21 kg,0.2666666666666667,0.4,0.603448275862069,Sustainability Dataset,0.2813818035750151,0.4900383141762452,0.7186181964249849,0.4916007845979936,1,5,2,3,0.28138180357501513,0.4680459770114943,0.46873563218390807
Automotive,Recycled Paper,Paper,Medical packaging,29.04 kg,0.08000000000000002,0.1857142857142857,0.8275862068965516,OpenLCA Sample,0.579232777666198,0.5739573070607553,0.420767222333802,0.3798130895244428,0,5,4,2,0.5792327776661981,0.5258916256157635,0.528551724137931
Furniture,Recycled Cardboard,Cardboard,Cosmetic wrap,24.22 kg,0.4666666666666667,0.9571428571428571,0.5,OpenLCA Sample,0.4824261899979915,0.3365079365079366,0.5175738100020085,0.4298753176037772,4,1,0,2,0.4824261899979916,0.3952380952380953,0.4866666666666667
Automotive,Cornstarch Plastic,Bioplastic,Cosmetic wrap,37.24 kg,0.9600000000000002,0.1428571428571428,0.4655172413793103,OpenLCA Sample,0.743924482827877,0.7608866995073892,0.256075517172123,0.6691773349545926,0,0,0,2,0.7439244828278772,0.7416354679802957,0.6633103448275863
Construction,Cornstarch Plastic,Bioplastic,Toy casing,22.91 kg,0.4666666666666667,0.1,0.982758620689655,FootprintData,0.4561156858806989,0.7831417624521073,0.543884314119301,0.6164219992166333,1,0,8,1,0.456115685880699,0.7597701149425288,0.7763218390804596
Healthcare,PLA Bioplastic,Bioplastic,Shipping carton,18.02 kg,0.8533333333333335,0.1714285714285714,0.6206896551724137,FootprintData,0.3579031934123317,0.7675314723590585,0.6420968065876682,0.7556416309199239,5,0,6,1,0.35790319341233173,0.7553234811165846,0.7137471264367816
Construction,Recycled Cardboard,Cardboard,Medical packaging,35.73 kg,0.4533333333333334,0.3857142857142857,0.2586206896551724,OpenLCA Sample,0.7135971078529824,0.44207991242474,0.2864028921470176,0.3987528326140014,1,1,4,2,0.7135971078529825,0.4076387520525452,0.33650574712643677
Home Appliances,Tin Container,Metal,Food container,36.9 kg,0.1866666666666667,0.9285714285714286,0.6551724137931034,Sustainability Dataset,0.7370958023699538,0.3044225506294472,0.2629041976300462,0.2566402795407928,6,2,2,3,0.7370958023699539,0.3510213464696224,0.46777011494252874
Healthcare,Bamboo Fiber,Natural Fiber,Medical packaging,34.91 kg,0.1200000000000001,0.9285714285714286,0.603448275862069,Carbon Catalogue,0.6971279373368144,0.2649589490968802,0.3028720626631856,0.2328451984377078,5,3,4,0,0.6971279373368146,0.30366502463054196,0.4100689655172414
Healthcare,Cotton Fiber,Natural Material,Medical packaging,7.87 kg,0.9466666666666668,0.8285714285714285,0.4310344827586206,Sustainability Dataset,0.1540469973890339,0.516376573617953,0.8459530026109661,0.7443365302304711,5,4,4,3,0.15404699738903394,0.5853661740558292,0.6372873563218391
Automotive,Bamboo Fiber,Natural Fiber,Packaging box,37.36 kg,0.3333333333333334,0.4999999999999999,0.9137931034482758,Carbon Catalogue,0.7463346053424381,0.5823754789272031,0.2536653946575619,0.4090498099681498,0,3,5,0,0.7463346053424382,0.5988505747126438,0.6816091954022989
Furniture,Bamboo Fiber,Natural Fiber,Packaging box,30.52 kg,0.2666666666666667,0.07142857142857142,0.3275862068965516,Carbon Catalogue,0.6089576220124523,0.5076081007115489,0.3910423779875477,0.4003559536808839,4,3,5,0,0.6089576220124524,0.423415435139573,0.30321839080459767
Cosmetics,Molded Pulp,Paper,Packaging box,22.91 kg,0.8400000000000001,0.3857142857142857,0.7931034482758621,Carbon Catalogue,0.4561156858806989,0.7491297208538589,0.543884314119301,0.7148171825773338,2,5,5,0,0.456115685880699,0.7760985221674878,0.8118620689655174
Automotive,Recycled Cardboard,Cardboard,Furniture panel,4.91 kg,0.7333333333333334,0.9857142857142858,0.8793103448275861,Carbon Catalogue,0.09459730869652541,0.5423097974822112,0.9054026913034746,0.7085447263839268,0,1,3,0,0.09459730869652544,0.6479146141215107,0.820919540229885
Cosmetics,Cotton Fiber,Natural Material,Packaging box,27.56 kg,0.6800000000000002,0.2142857142857143,0.1206896551724137,Carbon Catalogue,0.5495079333199437,0.5288013136288998,0.4504920666800563,0.5506681454555769,2,4,5,0,0.5495079333199439,0.4774187192118227,0.3444137931034483
Packaging,Kraft Paper,Paper,Packaging box,15.53 kg,0.3733333333333334,0.07142857142857142,0.6379310344827585,Sustainability Dataset,0.3078931512351877,0.6466119321291735,0.6921068487648123,0.5782768274811131,7,5,5,3,0.30789315123518773,0.5902200328407226,0.5320919540229885
Cosmetics,Tin Container,Metal,Cosmetic wrap,5.79 kg,0.02666666666666667,0.04285714285714287,0.896551724137931,OpenLCA Sample,0.1122715404699739,0.6267870826491516,0.8877284595300261,0.5250333709186685,2,2,0,2,0.11227154046997392,0.5607159277504106,0.5485977011494253
Healthcare,Cotton Fiber,Natural Material,Packaging box,33.49 kg,0.02666666666666667,0.08571428571428572,0.982758620689655,Sustainability Dataset,0.6686081542478409,0.6412370005473453,0.3313918457521591,0.3639123539445859,5,4,5,3,0.668608154247841,0.5866272577996715,0.6003218390804597
Electronics,Molded Pulp,Paper,Electronic enclosure,45.74 kg,0.8800000000000001,0.8285714285714285,0.7931034482758621,OpenLCA Sample,0.914641494275959,0.6148440065681445,0.08535850572404102,0.5355451543444701,3,5,1,2,0.9146414942759592,0.7035270935960591,0.8278620689655174
Cosmetics,Kraft Paper,Paper,Cosmetic wrap,18.32 kg,0.6933333333333334,0.9571428571428571,0.982758620689655,FootprintData,0.3639284996987346,0.5729830322933771,0.6360715003012654,0.6280146630077305,2,5,0,1,0.36392849969873464,0.679008210180624,0.8669885057471263
Furniture,Cornstarch Plastic,Bioplastic,Furniture panel,41.55 kg,0.6000000000000001,0.2428571428571428,0.7931034482758621,OpenLCA Sample,0.8304880498091985,0.7167487684729065,0.1695119501908015,0.517553092446403,4,0,3,2,0.8304880498091988,0.7086699507389164,0.7158620689655173
Cosmetics,Recycled Cardboard,Cardboard,Medical packaging,35.7 kg,0.9200000000000002,0.8142857142857143,0.1551724137931034,OpenLCA Sample,0.7129945772243422,0.4202955665024631,0.2870054227756578,0.5302198534336826,2,1,4,2,0.7129945772243423,0.46721182266009864,0.46110344827586214
Electronics,Recycled Paper,Paper,Medical packaging,0.21 kg,0.7866666666666668,0.4285714285714285,0.2241379310344827,OpenLCA Sample,0.0002008435428800959,0.5274110563765736,0.9997991564571199,0.7469041694877654,3,5,4,2,0.00020084354288009597,0.5186075533661741,0.44914942528735635
Packaging,PLA Bioplastic,Bioplastic,Packaging box,10.6 kg,0.6933333333333334,0.6428571428571428,0.9482758620689655,Sustainability Dataset,0.2088772845953002,0.6662506841817187,0.7911227154046998,0.7118370882940974,7,0,5,3,0.20887728459530025,0.728072249589491,0.8462988505747127
Construction,Tin Container,Metal,Electronic enclosure,47.76 kg,0.1333333333333334,0.5857142857142856,0.2758620689655171,Sustainability Dataset,0.9552118899377384,0.2744937055281882,0.04478811006226158,0.1632339152299538,1,2,1,3,0.9552118899377386,0.2465353037766831,0.21885057471264363
Toys,Cotton Fiber,Natural Material,Medical packaging,45.31 kg,0.5733333333333335,0.7857142857142856,0.4482758620689655,Sustainability Dataset,0.9060052219321149,0.4119649698960045,0.09399477806788514,0.3649844213787674,8,4,4,3,0.9060052219321151,0.4515008210180625,0.4982988505747127
Furniture,Recycled Paper,Paper,Packaging box,40.07 kg,0.44,0.9714285714285715,0.603448275862069,Sustainability Dataset,0.8007632054629443,0.3573399014778325,0.1992367945370557,0.3347069989522496,4,5,5,3,0.8007632054629445,0.4230935960591133,0.5380689655172414
Packaging,Cornstarch Plastic,Bioplastic,Storage container,43.37 kg,1.0,0.5428571428571429,0.2241379310344827,Sustainability Dataset,0.867041574613376,0.5604269293924466,0.1329584253866239,0.5640582993729659,7,0,7,3,0.8670415746133763,0.5810837438423645,0.5344827586206896
Electronics,Tin Container,Metal,Toy casing,34.46 kg,0.4000000000000001,0.4285714285714285,0.293103448275862,FootprintData,0.6880899779072103,0.4215106732348112,0.3119100220927897,0.3821772759217614,3,2,8,1,0.6880899779072104,0.39152709359605914,0.3358620689655172
Toys,Recycled Paper,Paper,Toy casing,21.06 kg,0.56,0.9571428571428571,0.8620689655172413,Carbon Catalogue,0.418959630447881,0.4883087027914614,0.5810403695521189,0.5376355919822203,8,5,8,0,0.4189596304478811,0.5773990147783251,0.7412413793103447
Home Appliances,Recycled Cardboard,Cardboard,Shipping carton,8.71 kg,0.4933333333333333,0.7,0.8448275862068966,FootprintData,0.170917854990962,0.5460536398467434,0.829082145009038,0.6151460994414087,6,1,6,1,0.17091785499096201,0.595264367816092,0.7042298850574713
Home Appliances,Cornstarch Plastic,Bioplastic,Cosmetic wrap,14.53 kg,1.0,0.4714285714285714,0.396551724137931,Sustainability Dataset,0.2878087969471781,0.6417077175697866,0.7121912030528219,0.7703404479437612,6,0,0,3,0.28780879694717815,0.6643349753694582,0.6379310344827587
Healthcare,Kraft Paper,Paper,Cosmetic wrap,15.4 kg,0.6666666666666667,0.9857142857142858,0.4655172413793103,Sustainability Dataset,0.3052821851777465,0.3821565407772304,0.6947178148222535,0.5612779607575682,5,5,0,3,0.3052821851777466,0.4557307060755337,0.5459770114942528
Automotive,Recycled Paper,Paper,Packaging box,24.36 kg,0.08000000000000002,0.8142857142857143,0.9310344827586206,Carbon Catalogue,0.4852379995983129,0.3989162561576354,0.5147620004016871,0.3379951025835603,0,5,5,0,0.485237999598313,0.4415566502463054,0.5906206896551723
Toys,Recycled Paper,Paper,Cosmetic wrap,25.56 kg,0.8666666666666667,0.6142857142857143,0.7241379310344827,Sustainability Dataset,0.5093392247439245,0.658839627805145,0.4906607752560755,0.6707340836988807,8,5,0,3,0.5093392247439246,0.7134646962233169,0.7811494252873563
Furniture,Recycled Cardboard,Cardboard,Medical packaging,20.49 kg,0.2533333333333334,0.5571428571428572,0.05172413793103448,Sustainability Dataset,0.4075115485037155,0.2493048713738369,0.5924884514962845,0.3534684839984201,4,1,4,3,0.4075115485037156,0.21059441707717574,0.13236781609195405
Healthcare,Recycled Paper,Paper,Packaging box,41.04 kg,0.6533333333333333,0.6142857142857143,0.7068965517241379,FootprintData,0.8202450291223137,0.5819813902572523,0.1797549708776863,0.4827190473662067,5,5,5,1,0.8202450291223139,0.6212348111658457,0.685471264367816
Furniture,PLA Bioplastic,Bioplastic,Storage container,14.94 kg,0.8133333333333335,0.2857142857142857,0.3448275862068966,OpenLCA Sample,0.2960433822052621,0.6241488779419815,0.703956617794738,0.704846536515214,4,0,7,2,0.29604338220526216,0.6061215106732349,0.5322298850574714
Home Appliances,Recycled Cardboard,Cardboard,Packaging box,38.0 kg,0.6266666666666667,0.6142857142857143,0.7758620689655171,FootprintData,0.7591885920867644,0.5960810071154898,0.2408114079132356,0.4986758252201666,6,1,5,1,0.7591885920867646,0.6381543513957307,0.716183908045977
Cosmetics,Kraft Paper,Paper,Toy casing,32.85 kg,0.6133333333333333,0.7142857142857142,0.6896551724137931,Carbon Catalogue,0.6557541675035148,0.5295675971538041,0.3442458324964852,0.4991007886104671,2,5,8,0,0.6557541675035149,0.5783382594417078,0.6591264367816092
Toys,Recycled Cardboard,Cardboard,Food container,5.3 kg,0.9466666666666668,0.9000000000000001,0.3103448275862069,Sustainability Dataset,0.1024302068688492,0.4523371647509578,0.8975697931311508,0.7342058038397284,8,1,2,3,0.10243020686884922,0.5228045977011495,0.5648735632183909
Cosmetics,Kraft Paper,Paper,Storage container,32.56 kg,0.5333333333333334,0.8714285714285714,1.0,OpenLCA Sample,0.649929704759992,0.553968253968254,0.350070295240008,0.486608390159304,2,5,7,2,0.6499297047599921,0.6390476190476191,0.8133333333333334
Healthcare,Bamboo Fiber,Natural Fiber,Furniture panel,3.17 kg,0.1333333333333334,0.6285714285714286,0.7758620689655171,Carbon Catalogue,0.05965053223538863,0.4268746579091406,0.9403494677646114,0.4928547034930396,5,3,3,0,0.059650532235388645,0.4379638752052545,0.5188505747126436
Electronics,Tin Container,Metal,Packaging box,20.37 kg,0.9466666666666668,0.9428571428571428,0.189655172413793,FootprintData,0.4051014259891544,0.3978215654077723,0.5948985740108456,0.6215981983663627,3,2,5,1,0.4051014259891545,0.4659573070607554,0.4924597701149425
Home Appliances,Cotton Fiber,Natural Material,Furniture panel,1.2 kg,0.72,0.3428571428571429,0.6379310344827585,Carbon Catalogue,0.02008435428800964,0.6716912972085386,0.9799156457119904,0.7786512125970125,6,4,3,0,0.020084354288009643,0.6746009852216748,0.670758620689655
Healthcare,Kraft Paper,Paper,Storage container,13.13 kg,0.3733333333333334,0.4428571428571429,0.7931034482758621,OpenLCA Sample,0.2596907009439646,0.5745265462506842,0.7403092990560354,0.5639034082170843,5,5,7,2,0.2596907009439647,0.5780032840722497,0.6251954022988506
Toys,Cornstarch Plastic,Bioplastic,Medical packaging,19.19 kg,0.1066666666666667,0.1142857142857143,0.6724137931034482,FootprintData,0.3814018879293031,0.5549315818281335,0.6185981120706969,0.4395520663524625,8,0,4,1,0.3814018879293032,0.48877504105090314,0.44611494252873557
Construction,Kraft Paper,Paper,Shipping carton,6.26 kg,0.2133333333333334,0.7714285714285714,0.5344827586206895,Sustainability Dataset,0.1217111869853384,0.3254625068418172,0.8782888130146616,0.4576716466411253,1,5,6,3,0.12171118698533842,0.3448407224958949,0.4060229885057471
Furniture,Kraft Paper,Paper,Furniture panel,16.45 kg,0.1733333333333333,0.3285714285714286,0.586206896551724,Carbon Catalogue,0.3263707571801566,0.4769896004378762,0.6736292428198434,0.4448846130211035,4,5,3,0,0.3263707571801567,0.4381018062397372,0.42105747126436766
Cosmetics,Cornstarch Plastic,Bioplastic,Toy casing,49.26 kg,0.1333333333333334,0.8,0.3103448275862069,OpenLCA Sample,0.9853384213697528,0.21455938697318,0.0146615786302472,0.1302222283783462,2,0,8,2,0.985338421369753,0.2174712643678161,0.23954022988505752
Packaging,Cornstarch Plastic,Bioplastic,Toy casing,28.27 kg,0.6800000000000002,0.05714285714285713,0.103448275862069,Sustainability Dataset,0.5637678248644306,0.5754351395730707,0.4362321751355694,0.5650437083698991,7,0,8,3,0.5637678248644307,0.5019507389162563,0.33406896551724147
Toys,Aluminum Foil,Metal,Packaging box,40.93 kg,0.6400000000000001,0.7857142857142856,0.6379310344827585,FootprintData,0.8180357501506326,0.4974055829228243,0.1819642498493674,0.4455515081239401,8,2,5,1,0.8180357501506328,0.5540295566502464,0.6387586206896552
Toys,Tin Container,Metal,Packaging box,38.88 kg,0.7066666666666668,0.9714285714285715,0.7931034482758621,FootprintData,0.7768628238602129,0.5094471811713192,0.2231371761397871,0.4827200253104638,8,2,5,1,0.7768628238602131,0.6056223316912973,0.7585287356321839
Toys,Aluminum Foil,Metal,Electronic enclosure,36.25 kg,0.32,0.1142857142857143,0.1551724137931034,OpenLCA Sample,0.7240409720827474,0.4536288998357964,0.2759590279172526,0.3602392683094944,8,2,1,2,0.7240409720827475,0.36721182266009855,0.22110344827586204
Cosmetics,Aluminum Foil,Metal,Electronic enclosure,15.99 kg,0.6933333333333334,0.5285714285714285,0.5172413793103448,OpenLCA Sample,0.3171319542076722,0.5606677613574166,0.6828680457923277,0.6371275182806649,2,2,1,2,0.31713195420767226,0.5785155993431856,0.5876781609195403
Home Appliances,Tin Container,Metal,Medical packaging,42.28 kg,0.9333333333333336,0.2571428571428571,0.5,Carbon Catalogue,0.8451496284394456,0.7253968253968255,0.1548503715605544,0.6166138416268967,6,2,4,0,0.8451496284394459,0.721904761904762,0.6733333333333335
Healthcare,Cornstarch Plastic,Bioplastic,Medical packaging,48.19 kg,0.8666666666666667,0.0,0.4137931034482758,OpenLCA Sample,0.9638481622815825,0.7601532567049808,0.03615183771841746,0.5749068539975175,5,0,4,2,0.9638481622815828,0.7121839080459771,0.5949425287356321
Toys,PLA Bioplastic,Bioplastic,Packaging box,48.46 kg,0.2,0.8142857142857143,0.6896551724137931,Carbon Catalogue,0.9692709379393452,0.3584564860426929,0.03072906206065484,0.2126013130352736,8,0,5,0,0.9692709379393454,0.39300492610837445,0.49379310344827587
Automotive,Cornstarch Plastic,Bioplastic,Furniture panel,24.71 kg,0.4000000000000001,0.3857142857142857,0.586206896551724,Carbon Catalogue,0.4922675235991162,0.5334975369458128,0.5077324764008837,0.4857187576985902,0,0,3,0,0.4922675235991163,0.5173399014778325,0.5117241379310344
Toys,Aluminum Foil,Metal,Toy casing,48.8 kg,0.6800000000000002,0.1857142857142857,0.2241379310344827,OpenLCA Sample,0.9760996183972684,0.572807881773399,0.02390038160273156,0.4402932671901791,8,2,8,2,0.9760996183972687,0.5245123152709361,0.4064827586206897
Furniture,Recycled Cardboard,Cardboard,Electronic enclosure,22.75 kg,0.24,0.1857142857142857,0.6724137931034482,Sustainability Dataset,0.4529021891946173,0.5755665024630542,0.5470978108053827,0.4663559442268365,4,1,1,3,0.4529021891946174,0.5278226600985221,0.49944827586206886
Cosmetics,Cornstarch Plastic,Bioplastic,Food container,13.45 kg,0.9200000000000002,0.1142857142857143,0.2758620689655171,OpenLCA Sample,0.2661176943161277,0.6938587848932677,0.7338823056838724,0.7737082056624688,2,0,2,2,0.26611769431612775,0.655487684729064,0.5335172413793103
Electronics,PLA Bioplastic,Bioplastic,Food container,38.6 kg,0.3066666666666667,0.6000000000000001,0.482758620689655,Sustainability Dataset,0.7712392046595702,0.3964750957854405,0.2287607953404298,0.3192182769163052,3,0,2,3,0.7712392046595704,0.3957701149425287,0.4123218390804597
